step,note,random_seed,init_std,site,fid_acut,fid_pen_acut,fid_chroma,fid_pen_chroma,fid_linf_total,fid_psnr_total,fid_lpips,fid_lpips_rel,fid_ssim,fid_linf,fid_psnr,fid_pen_linf,fid_pen_lpips,fid_pen_psnr,align_loss,align_psnr_floor,align_tau_acut,align_tau_chroma,align_tau_lpips,align_best_step
0,random control：無最佳化,2574787942,0.5,apa,,,,,,,,,,,,,,,,,,,,
0,,,,,0.08344453573226929,0.0,0.9399428963661194,0.0,0.5460140705108643,26.330976486206055,0.1403488665819168,0.1403488665819168,0.8734781742095947,0.5460140705108643,26.330976486206055,0.48601406812667847,1.4901161193847656e-08,0.0,1.4901161193847656e-06,26.330976486206055,0.08344456553459167,0.9399434328079224,0.14034885168075562,3
1,,,,,0.09091383218765259,0.007469266653060913,0.9236739873886108,0.0,0.5283161401748657,26.395843505859375,0.13977570831775665,0.13977570831775665,0.8740350008010864,0.5283161401748657,26.395843505859375,0.46831613779067993,0.0,0.0,0.7469266653060913,26.330976486206055,0.08344456553459167,0.9399434328079224,0.14034885168075562,3
2,,,,,0.08446791768074036,0.0010233521461486816,0.9165573716163635,0.0,0.5234383344650269,26.401451110839844,0.1394972801208496,0.1394972801208496,0.8742469549179077,0.5234383344650269,26.401451110839844,0.46343833208084106,0.0,0.0,0.10233521461486816,26.330976486206055,0.08344456553459167,0.9399434328079224,0.14034885168075562,3
3,,,,,0.07664048671722412,0.0,0.9122176766395569,0.0,0.5226548314094543,26.389678955078125,0.13933321833610535,0.13933321833610535,0.874334990978241,0.5226548314094543,26.389678955078125,0.46265482902526855,0.0,0.0,0.0,26.330976486206055,0.08344456553459167,0.9399434328079224,0.14034885168075562,3
4,,,,,0.07297585904598236,0.0,0.9096996188163757,0.0,0.5214747190475464,26.37679672241211,0.13925442099571228,0.13925442099571228,0.8743650913238525,0.5214747190475464,26.37679672241211,0.4614747166633606,0.0,0.0,0.0,26.330976486206055,0.08344456553459167,0.9399434328079224,0.14034885168075562,3
5,,,,,0.07135556638240814,0.0,0.9082676768302917,0.0,0.5201153755187988,26.363872528076172,0.13921329379081726,0.13921329379081726,0.8743623495101929,0.5201153755187988,26.363872528076172,0.46011537313461304,0.0,0.0,0.0,26.330976486206055,0.08344456553459167,0.9399434328079224,0.14034885168075562,3
6,,,,,0.07094398140907288,0.0,0.907528817653656,0.0,0.5187007188796997,26.35133934020996,0.13919365406036377,0.13919365406036377,0.8743420839309692,0.5187007188796997,26.35133934020996,0.4587007164955139,0.0,0.0,0.0,26.330976486206055,0.08344456553459167,0.9399434328079224,0.14034885168075562,3
7,,,,,0.07086837291717529,0.0,0.9072554111480713,0.0,0.5172936916351318,26.33942413330078,0.13918732106685638,0.13918732106685638,0.8743101954460144,0.5172936916351318,26.33942413330078,0.45729368925094604,0.0,0.0,0.0,26.330976486206055,0.08344456553459167,0.9399434328079224,0.14034885168075562,3
8,,,,,0.07112367451190948,0.0,0.9073008894920349,0.0,0.5159413814544678,26.328222274780273,0.13918839395046234,0.13918839395046234,0.8742730617523193,0.5159413814544678,26.328222274780273,0.455941379070282,0.0,0.00275421142578125,0.00275421142578125,26.330976486206055,0.08344456553459167,0.9399434328079224,0.14034885168075562,3
9,,,,,0.07119756937026978,0.0,0.907726526260376,0.0,0.507435142993927,26.342674255371094,0.13916411995887756,0.13916411995887756,0.8744338750839233,0.507435142993927,26.342674255371094,0.4474351406097412,0.0,0.0,0.0,26.330976486206055,0.08344456553459167,0.9399434328079224,0.14034885168075562,3
10,,,,,0.07163862884044647,0.0,0.9083125591278076,0.0,0.49968037009239197,26.354862213134766,0.1391509771347046,0.1391509771347046,0.8745678663253784,0.49968037009239197,26.354862213134766,0.4396803677082062,0.0,0.0,0.0,26.330976486206055,0.08344456553459167,0.9399434328079224,0.14034885168075562,3
11,,,,,0.07270577549934387,0.0,0.9090187549591064,0.0,0.49265891313552856,26.365224838256836,0.13913901150226593,0.13913901150226593,0.8746814131736755,0.49265891313552856,26.365224838256836,0.4326589107513428,0.0,0.0,0.0,26.330976486206055,0.08344456553459167,0.9399434328079224,0.14034885168075562,3
12,,,,,0.0736699178814888,0.0,0.9097580909729004,0.0,0.48632529377937317,26.374109268188477,0.1391250640153885,0.1391250640153885,0.8747782707214355,0.48632529377937317,26.374109268188477,0.4263252913951874,0.0,0.0,0.0,26.330976486206055,0.08344456553459167,0.9399434328079224,0.14034885168075562,3
13,,,,,0.07454276829957962,0.0,0.9104948043823242,0.0,0.4806292951107025,26.38177490234375,0.13911326229572296,0.13911326229572296,0.8748600482940674,0.4806292951107025,26.38177490234375,0.4206292927265167,0.0,0.0,0.0,26.330976486206055,0.08344456553459167,0.9399434328079224,0.14034885168075562,3
14,,,,,0.07532653212547302,0.0,0.9112176895141602,0.0,0.47551336884498596,26.388418197631836,0.13910289108753204,0.13910289108753204,0.8749305009841919,0.47551336884498596,26.388418197631836,0.41551336646080017,0.0,0.0,0.0,26.330976486206055,0.08344456553459167,0.9399434328079224,0.14034885168075562,3
15,,,,,0.07605278491973877,0.0,0.9119189977645874,0.0,0.4747558832168579,26.39419937133789,0.13909070193767548,0.13909070193767548,0.8749896287918091,0.4747558832168579,26.39419937133789,0.4147558808326721,0.0,0.0,0.0,26.330976486206055,0.08344456553459167,0.9399434328079224,0.14034885168075562,3
16,,,,,0.07673151791095734,0.0,0.912592887878418,0.0,0.47475412487983704,26.399261474609375,0.1390843689441681,0.1390843689441681,0.8750416040420532,0.47475412487983704,26.399261474609375,0.41475412249565125,0.0,0.0,0.0,26.330976486206055,0.08344456553459167,0.9399434328079224,0.14034885168075562,3
17,,,,,0.07740046083927155,0.0,0.9132315516471863,0.0,0.4747585952281952,26.403730392456055,0.13908448815345764,0.13908448815345764,0.8750869631767273,0.4747585952281952,26.403730392456055,0.4147585928440094,0.0,0.0,0.0,26.330976486206055,0.08344456553459167,0.9399434328079224,0.14034885168075562,3
18,,,,,0.07800865918397903,0.0,0.9138375520706177,0.0,0.47476834058761597,26.407699584960938,0.13908803462982178,0.13908803462982178,0.8751266002655029,0.47476834058761597,26.407699584960938,0.4147683382034302,0.0,0.0,0.0,26.330976486206055,0.08344456553459167,0.9399434328079224,0.14034885168075562,3
19,,,,,0.07863520830869675,0.0,0.9144070744514465,0.0,0.47477883100509644,26.411239624023438,0.1390911042690277,0.1390911042690277,0.8751616477966309,0.47477883100509644,26.411239624023438,0.41477882862091064,0.0,0.0,0.0,26.330976486206055,0.08344456553459167,0.9399434328079224,0.14034885168075562,3
20,,,,,0.07935027033090591,0.0,0.9149422645568848,0.0,0.47479012608528137,26.414403915405273,0.1390949934720993,0.1390949934720993,0.8751934766769409,0.47479012608528137,26.414403915405273,0.4147901237010956,0.0,0.0,0.0,26.330976486206055,0.08344456553459167,0.9399434328079224,0.14034885168075562,3
21,,,,,0.08001154661178589,0.0,0.9154441356658936,0.0,0.47480466961860657,26.417234420776367,0.1390991508960724,0.1390991508960724,0.8752197623252869,0.47480466961860657,26.417234420776367,0.4148046672344208,0.0,0.0,0.0,26.330976486206055,0.08344456553459167,0.9399434328079224,0.14034885168075562,3
22,,,,,0.08061449229717255,0.0,0.9159152507781982,0.0,0.4748176336288452,26.419775009155273,0.13910309970378876,0.13910309970378876,0.8752448558807373,0.4748176336288452,26.419775009155273,0.4148176312446594,0.0,0.0,0.0,26.330976486206055,0.08344456553459167,0.9399434328079224,0.14034885168075562,3
23,,,,,0.08117484301328659,0.0,0.9163504838943481,0.0,0.47483381628990173,26.42205238342285,0.13910627365112305,0.13910627365112305,0.8752669095993042,0.47483381628990173,26.42205238342285,0.41483381390571594,0.0,0.0,0.0,26.330976486206055,0.08344456553459167,0.9399434328079224,0.14034885168075562,3
24,,,,,0.08169222623109818,0.0,0.9167575836181641,0.0,0.47484809160232544,26.424102783203125,0.13911089301109314,0.13911089301109314,0.8752861022949219,0.47484809160232544,26.424102783203125,0.41484808921813965,0.0,0.0,0.0,26.330976486206055,0.08344456553459167,0.9399434328079224,0.14034885168075562,3
25,,,,,0.08216014504432678,0.0,0.9171364903450012,0.0,0.4748612642288208,26.425945281982422,0.13911548256874084,0.13911548256874084,0.8753039836883545,0.4748612642288208,26.425945281982422,0.414861261844635,0.0,0.0,0.0,26.330976486206055,0.08344456553459167,0.9399434328079224,0.14034885168075562,3
26,,,,,0.0825834572315216,0.0,0.9174852967262268,0.0,0.4748767614364624,26.427610397338867,0.13911941647529602,0.13911941647529602,0.875319242477417,0.4748767614364624,26.427610397338867,0.4148767590522766,0.0,0.0,0.0,26.330976486206055,0.08344456553459167,0.9399434328079224,0.14034885168075562,3
27,,,,,0.08297164738178253,0.0,0.9178088903427124,0.0,0.47488945722579956,26.429107666015625,0.13912343978881836,0.13912343978881836,0.8753330707550049,0.47488945722579956,26.429107666015625,0.41488945484161377,0.0,0.0,0.0,26.330976486206055,0.08344456553459167,0.9399434328079224,0.14034885168075562,3
28,,,,,0.08333024382591248,0.0,0.9181122183799744,0.0,0.4749007523059845,26.430463790893555,0.13912688195705414,0.13912688195705414,0.8753453493118286,0.4749007523059845,26.430463790893555,0.4149007499217987,0.0,0.0,0.0,26.330976486206055,0.08344456553459167,0.9399434328079224,0.14034885168075562,3
29,,,,,0.08366156369447708,0.0002169981598854065,0.9183877110481262,0.0,0.4749142825603485,26.431684494018555,0.13913020491600037,0.13913020491600037,0.8753568530082703,0.4749142825603485,26.431684494018555,0.4149142801761627,0.0,0.0,0.02169981598854065,26.330976486206055,0.08344456553459167,0.9399434328079224,0.14034885168075562,3
30,,,,,0.07983379065990448,0.0,0.9180608987808228,0.0,0.47541800141334534,26.422433853149414,0.13907060027122498,0.13907060027122498,0.8753053545951843,0.47541800141334534,26.422433853149414,0.41541799902915955,0.0,0.0,0.0,26.330976486206055,0.08344456553459167,0.9399434328079224,0.14034885168075562,3
31,,,,,0.07673083990812302,0.0,0.9180178642272949,0.0,0.47572290897369385,26.413291931152344,0.1390298306941986,0.1390298306941986,0.8752471804618835,0.47572290897369385,26.413291931152344,0.41572290658950806,0.0,0.0,0.0,26.330976486206055,0.08344456553459167,0.9399434328079224,0.14034885168075562,3
32,,,,,0.07456117868423462,0.0,0.9181815385818481,0.0,0.4759053587913513,26.404447555541992,0.13901036977767944,0.13901036977767944,0.8751845359802246,0.4759053587913513,26.404447555541992,0.4159053564071655,0.0,0.0,0.0,26.330976486206055,0.08344456553459167,0.9399434328079224,0.14034885168075562,3
33,,,,,0.07289515435695648,0.0,0.9184920787811279,0.0,0.4760051965713501,26.395885467529297,0.1390087902545929,0.1390087902545929,0.8751182556152344,0.4760051965713501,26.395885467529297,0.4160051941871643,0.0,0.0,0.0,26.330976486206055,0.08344456553459167,0.9399434328079224,0.14034885168075562,3
34,,,,,0.07145214080810547,0.0,0.9189023971557617,0.0,0.47606101632118225,26.387638092041016,0.1390145868062973,0.1390145868062973,0.8750507831573486,0.47606101632118225,26.387638092041016,0.41606101393699646,0.0,0.0,0.0,26.330976486206055,0.08344456553459167,0.9399434328079224,0.14034885168075562,3
35,,,,,0.07016389071941376,0.0,0.919372022151947,0.0,0.48038023710250854,26.379783630371094,0.13902321457862854,0.13902321457862854,0.8749833106994629,0.48038023710250854,26.379783630371094,0.42038023471832275,0.0,0.0,0.0,26.330976486206055,0.08344456553459167,0.9399434328079224,0.14034885168075562,3
36,,,,,0.06901459395885468,0.0,0.9198778867721558,0.0,0.48505833745002747,26.372373580932617,0.13902640342712402,0.13902640342712402,0.8749185800552368,0.48505833745002747,26.372373580932617,0.4250583350658417,0.0,0.0,0.0,26.330976486206055,0.08344456553459167,0.9399434328079224,0.14034885168075562,3
37,,,,,0.06801219284534454,0.0,0.9204036593437195,0.0,0.48923033475875854,26.36542510986328,0.13902965188026428,0.13902965188026428,0.874856173992157,0.48923033475875854,26.36542510986328,0.42923033237457275,0.0,0.0,0.0,26.330976486206055,0.08344456553459167,0.9399434328079224,0.14034885168075562,3
38,,,,,0.0673518031835556,0.0,0.9209281206130981,0.0,0.4929516613483429,26.35894012451172,0.13903352618217468,0.13903352618217468,0.8747962713241577,0.4929516613483429,26.35894012451172,0.4329516589641571,0.0,0.0,0.0,26.330976486206055,0.08344456553459167,0.9399434328079224,0.14034885168075562,3
39,,,,,0.06703314185142517,0.0,0.9214489459991455,0.0,0.49625954031944275,26.35291290283203,0.13903987407684326,0.13903987407684326,0.8747403621673584,0.49625954031944275,26.35291290283203,0.43625953793525696,0.0,0.0,0.0,26.330976486206055,0.08344456553459167,0.9399434328079224,0.14034885168075562,3
40,,,,,0.06682421267032623,0.0,0.9219601154327393,0.0,0.49921122193336487,26.34733009338379,0.13904568552970886,0.13904568552970886,0.8746877908706665,0.49921122193336487,26.34733009338379,0.4392112195491791,0.0,0.0,0.0,26.330976486206055,0.08344456553459167,0.9399434328079224,0.14034885168075562,3
41,,,,,0.06663449108600616,0.0,0.9224550724029541,0.0,0.5018357634544373,26.342174530029297,0.139053076505661,0.139053076505661,0.8746394515037537,0.5018357634544373,26.342174530029297,0.44183576107025146,0.0,0.0,0.0,26.330976486206055,0.08344456553459167,0.9399434328079224,0.14034885168075562,3
42,,,,,0.06647859513759613,0.0,0.9229265451431274,0.0,0.5041898488998413,26.337432861328125,0.13906124234199524,0.13906124234199524,0.8745936751365662,0.5041898488998413,26.337432861328125,0.4441898465156555,0.0,0.0,0.0,26.330976486206055,0.08344456553459167,0.9399434328079224,0.14034885168075562,3
43,,,,,0.06636204570531845,0.0,0.9233724474906921,0.0,0.506277322769165,26.33307456970215,0.1390686333179474,0.1390686333179474,0.8745517730712891,0.506277322769165,26.33307456970215,0.44627732038497925,0.0,0.0,0.0,26.330976486206055,0.08344456553459167,0.9399434328079224,0.14034885168075562,3
44,,,,,0.06626112014055252,0.0,0.9237908720970154,0.0,0.5081520080566406,26.329082489013672,0.13907583057880402,0.13907583057880402,0.8745129108428955,0.5081520080566406,26.329082489013672,0.44815200567245483,0.0,0.0018939971923828125,0.0018939971923828125,26.330976486206055,0.08344456553459167,0.9399434328079224,0.14034885168075562,3
45,,,,,0.06566872447729111,0.0,0.9212896823883057,0.0,0.5030230283737183,26.348390579223633,0.13903746008872986,0.13903746008872986,0.8746693134307861,0.5030230283737183,26.348390579223633,0.44302302598953247,0.0,0.0,0.0,26.330976486206055,0.08344456553459167,0.9399434328079224,0.14034885168075562,3
46,,,,,0.06523501127958298,0.0,0.9200433492660522,0.0,0.4984007179737091,26.36366081237793,0.1390109807252884,0.1390109807252884,0.874781608581543,0.4984007179737091,26.36366081237793,0.4384007155895233,0.0,0.0,0.0,26.330976486206055,0.08344456553459167,0.9399434328079224,0.14034885168075562,3
47,,,,,0.06489144265651703,0.0,0.9196867942810059,0.0,0.49430713057518005,26.375539779663086,0.13899973034858704,0.13899973034858704,0.8748610019683838,0.49430713057518005,26.375539779663086,0.43430712819099426,0.0,0.0,0.0,26.330976486206055,0.08344456553459167,0.9399434328079224,0.14034885168075562,3
48,,,,,0.0648873820900917,0.0,0.9198901057243347,0.0,0.4907059669494629,26.384553909301758,0.13900521397590637,0.13900521397590637,0.8749141693115234,0.4907059669494629,26.384553909301758,0.4307059645652771,0.0,0.0,0.0,26.330976486206055,0.08344456553459167,0.9399434328079224,0.14034885168075562,3
49,,,,,0.06518469750881195,0.0,0.9204117059707642,0.0,0.48753970861434937,26.391324996948242,0.1390238106250763,0.1390238106250763,0.8749482035636902,0.48753970861434937,26.391324996948242,0.4275397062301636,0.0,0.0,0.0,26.330976486206055,0.08344456553459167,0.9399434328079224,0.14034885168075562,3
50,,,,,0.06566362082958221,0.0,0.9211181998252869,0.0,0.4847413897514343,26.396339416503906,0.13905149698257446,0.13905149698257446,0.8749678134918213,0.4847413897514343,26.396339416503906,0.42474138736724854,0.0,0.0,0.0,26.330976486206055,0.08344456553459167,0.9399434328079224,0.14034885168075562,3
51,,,,,0.06618011742830276,0.0,0.9219266176223755,0.0,0.4852357804775238,26.399940490722656,0.13908039033412933,0.13908039033412933,0.874975323677063,0.4852357804775238,26.399940490722656,0.425235778093338,0.0,0.0,0.0,26.330976486206055,0.08344456553459167,0.9399434328079224,0.14034885168075562,3
52,,,,,0.06669232249259949,0.0,0.9227942228317261,0.0,0.4881150722503662,26.40241813659668,0.13910958170890808,0.13910958170890808,0.8749736547470093,0.4881150722503662,26.40241813659668,0.4281150698661804,0.0,0.0,0.0,26.330976486206055,0.08344456553459167,0.9399434328079224,0.14034885168075562,3
53,,,,,0.06718768179416656,0.0,0.9236921072006226,0.0,0.4908536672592163,26.404022216796875,0.13913822174072266,0.13913822174072266,0.8749663829803467,0.4908536672592163,26.404022216796875,0.4308536648750305,0.0,0.0,0.0,26.330976486206055,0.08344456553459167,0.9399434328079224,0.14034885168075562,3
54,,,,,0.06767600774765015,0.0,0.924607515335083,0.0,0.4932723641395569,26.40493392944336,0.13917408883571625,0.13917408883571625,0.8749534487724304,0.4932723641395569,26.40493392944336,0.4332723617553711,0.0,0.0,0.0,26.330976486206055,0.08344456553459167,0.9399434328079224,0.14034885168075562,3
55,,,,,0.06817081570625305,0.0,0.9255266189575195,0.0,0.4954153895378113,26.40530776977539,0.13920897245407104,0.13920897245407104,0.8749362826347351,0.4954153895378113,26.40530776977539,0.4354153871536255,0.0,0.0,0.0,26.330976486206055,0.08344456553459167,0.9399434328079224,0.14034885168075562,3
56,,,,,0.06867561489343643,0.0,0.9264334440231323,0.0,0.4974977672100067,26.40524673461914,0.13924409449100494,0.13924409449100494,0.8749143481254578,0.4974977672100067,26.40524673461914,0.4374977648258209,0.0,0.0,0.0,26.330976486206055,0.08344456553459167,0.9399434328079224,0.14034885168075562,3
57,,,,,0.06912689656019211,0.0,0.9273176193237305,0.0,0.49964240193367004,26.404855728149414,0.13927650451660156,0.13927650451660156,0.8748909831047058,0.49964240193367004,26.404855728149414,0.43964239954948425,0.0,0.0,0.0,26.330976486206055,0.08344456553459167,0.9399434328079224,0.14034885168075562,3
58,,,,,0.0695355087518692,0.0,0.9281670451164246,0.0,0.5019063353538513,26.40425682067871,0.13930942118167877,0.13930942118167877,0.8748666644096375,0.5019063353538513,26.40425682067871,0.4419063329696655,0.0,0.0,0.0,26.330976486206055,0.08344456553459167,0.9399434328079224,0.14034885168075562,3
59,,,,,0.06990494579076767,0.0,0.9289745688438416,0.0,0.504387617111206,26.403539657592773,0.13934409618377686,0.13934409618377686,0.8748428821563721,0.504387617111206,26.403539657592773,0.44438761472702026,0.0,0.0,0.0,26.330976486206055,0.08344456553459167,0.9399434328079224,0.14034885168075562,3
60,,,,,0.07024451345205307,0.0,0.9297317862510681,0.0,0.5066896677017212,26.402790069580078,0.13937869668006897,0.13937869668006897,0.8748194575309753,0.5066896677017212,26.402790069580078,0.4466896653175354,0.0,0.0,0.0,26.330976486206055,0.08344456553459167,0.9399434328079224,0.14034885168075562,3
61,,,,,0.07057313621044159,0.0,0.9304386377334595,0.0,0.508963942527771,26.402019500732422,0.13941121101379395,0.13941121101379395,0.8747973442077637,0.508963942527771,26.402019500732422,0.4489639401435852,0.0,0.0,0.0,26.330976486206055,0.08344456553459167,0.9399434328079224,0.14034885168075562,3
62,,,,,0.07086968421936035,0.0,0.9310938715934753,0.0,0.5110565423965454,26.4012508392334,0.13944005966186523,0.13944005966186523,0.874775767326355,0.5110565423965454,26.4012508392334,0.4510565400123596,0.0,0.0,0.0,26.330976486206055,0.08344456553459167,0.9399434328079224,0.14034885168075562,3
63,,,,,0.07113757729530334,0.0,0.9316973686218262,0.0,0.5129090547561646,26.400493621826172,0.1394629329442978,0.1394629329442978,0.8747549057006836,0.5129090547561646,26.400493621826172,0.45290905237197876,0.0,0.0,0.0,26.330976486206055,0.08344456553459167,0.9399434328079224,0.14034885168075562,3
64,,,,,0.07137712836265564,0.0,0.9322532415390015,0.0,0.5145548582077026,26.399749755859375,0.13947850465774536,0.13947850465774536,0.874735951423645,0.5145548582077026,26.399749755859375,0.45455485582351685,0.0,0.0,0.0,26.330976486206055,0.08344456553459167,0.9399434328079224,0.14034885168075562,3
65,,,,,0.07159188389778137,0.0,0.9327621459960938,0.0,0.5160660743713379,26.399044036865234,0.1394893229007721,0.1394893229007721,0.8747178316116333,0.5160660743713379,26.399044036865234,0.4560660719871521,0.0,0.0,0.0,26.330976486206055,0.08344456553459167,0.9399434328079224,0.14034885168075562,3
66,,,,,0.07178455591201782,0.0,0.9332287311553955,0.0,0.5174999237060547,26.39836883544922,0.1394997537136078,0.1394997537136078,0.8747004270553589,0.5174999237060547,26.39836883544922,0.4574999213218689,0.0,0.0,0.0,26.330976486206055,0.08344456553459167,0.9399434328079224,0.14034885168075562,3
67,,,,,0.07195888459682465,0.0,0.9336552619934082,0.0,0.5188603401184082,26.39773178100586,0.1395098865032196,0.1395098865032196,0.8746851682662964,0.5188603401184082,26.39773178100586,0.4588603377342224,0.0,0.0,0.0,26.330976486206055,0.08344456553459167,0.9399434328079224,0.14034885168075562,3
68,,,,,0.07212293148040771,0.0,0.9340454936027527,0.0,0.5201261043548584,26.397140502929688,0.13951876759529114,0.13951876759529114,0.8746703863143921,0.5201261043548584,26.397140502929688,0.4601261019706726,0.0,0.0,0.0,26.330976486206055,0.08344456553459167,0.9399434328079224,0.14034885168075562,3
69,,,,,0.07227067649364471,0.0,0.9343994855880737,0.0,0.5212988257408142,26.396581649780273,0.13952678442001343,0.13952678442001343,0.8746575117111206,0.5212988257408142,26.396581649780273,0.4612988233566284,0.0,0.0,0.0,26.330976486206055,0.08344456553459167,0.9399434328079224,0.14034885168075562,3
70,,,,,0.0724044069647789,0.0,0.9347206354141235,0.0,0.5223643779754639,26.396068572998047,0.13953357934951782,0.13953357934951782,0.8746451139450073,0.5223643779754639,26.396068572998047,0.4623643755912781,0.0,0.0,0.0,26.330976486206055,0.08344456553459167,0.9399434328079224,0.14034885168075562,3
71,,,,,0.07252524793148041,0.0,0.9350148439407349,0.0,0.5233337879180908,26.395587921142578,0.13954046368598938,0.13954046368598938,0.8746337890625,0.5233337879180908,26.395587921142578,0.46333378553390503,0.0,0.0,0.0,26.330976486206055,0.08344456553459167,0.9399434328079224,0.14034885168075562,3
72,,,,,0.07263456284999847,0.0,0.9352819323539734,0.0,0.5242046117782593,26.3951473236084,0.1395464539527893,0.1395464539527893,0.8746236562728882,0.5242046117782593,26.3951473236084,0.4642046093940735,0.0,0.0,0.0,26.330976486206055,0.08344456553459167,0.9399434328079224,0.14034885168075562,3
73,,,,,0.07274065911769867,0.0,0.9355223774909973,0.0,0.524983286857605,26.394744873046875,0.1395520269870758,0.1395520269870758,0.8746147155761719,0.524983286857605,26.394744873046875,0.4649832844734192,0.0,0.0,0.0,26.330976486206055,0.08344456553459167,0.9399434328079224,0.14034885168075562,3
74,,,,,0.07284620404243469,0.0,0.935743510723114,0.0,0.5256838798522949,26.394367218017578,0.13955721259117126,0.13955721259117126,0.8746061325073242,0.5256838798522949,26.394367218017578,0.46568387746810913,0.0,0.0,0.0,26.330976486206055,0.08344456553459167,0.9399434328079224,0.14034885168075562,3
75,,,,,0.07294179499149323,0.0,0.9359423518180847,0.0,0.5263141393661499,26.394025802612305,0.1395619809627533,0.1395619809627533,0.8745983839035034,0.5263141393661499,26.394025802612305,0.4663141369819641,0.0,0.0,0.0,26.330976486206055,0.08344456553459167,0.9399434328079224,0.14034885168075562,3
76,,,,,0.07302843779325485,0.0,0.9361241459846497,0.0,0.5268802642822266,26.393714904785156,0.13956643640995026,0.13956643640995026,0.8745915293693542,0.5268802642822266,26.393714904785156,0.46688026189804077,0.0,0.0,0.0,26.330976486206055,0.08344456553459167,0.9399434328079224,0.14034885168075562,3
77,,,,,0.07310636341571808,0.0,0.9362871050834656,0.0,0.5273845195770264,26.393428802490234,0.1395704299211502,0.1395704299211502,0.8745850324630737,0.5273845195770264,26.393428802490234,0.4673845171928406,0.0,0.0,0.0,26.330976486206055,0.08344456553459167,0.9399434328079224,0.14034885168075562,3
78,,,,,0.073177270591259,0.0,0.936436653137207,0.0,0.5278425216674805,26.393165588378906,0.13957422971725464,0.13957422971725464,0.8745789527893066,0.5278425216674805,26.393165588378906,0.4678425192832947,0.0,0.0,0.0,26.330976486206055,0.08344456553459167,0.9399434328079224,0.14034885168075562,3
79,,,,,0.07324157655239105,0.0,0.936571478843689,0.0,0.5282570123672485,26.392927169799805,0.1395777016878128,0.1395777016878128,0.8745734095573425,0.5282570123672485,26.392927169799805,0.46825700998306274,0.0,0.0,0.0,26.330976486206055,0.08344456553459167,0.9399434328079224,0.14034885168075562,3
80,,,,,0.07329973578453064,0.0,0.9366934299468994,0.0,0.5286300182342529,26.392711639404297,0.13958103954792023,0.13958103954792023,0.8745686411857605,0.5286300182342529,26.392711639404297,0.46863001585006714,0.0,0.0,0.0,26.330976486206055,0.08344456553459167,0.9399434328079224,0.14034885168075562,3
81,,,,,0.07335200905799866,0.0,0.9368045330047607,0.0,0.5289703607559204,26.39250946044922,0.13958415389060974,0.13958415389060974,0.8745640516281128,0.5289703607559204,26.39250946044922,0.4689703583717346,0.0,0.0,0.0,26.330976486206055,0.08344456553459167,0.9399434328079224,0.14034885168075562,3
82,,,,,0.07339990139007568,0.0,0.9369062781333923,0.0,0.5292754173278809,26.392330169677734,0.13958710432052612,0.13958710432052612,0.8745600581169128,0.5292754173278809,26.392330169677734,0.46927541494369507,0.0,0.0,0.0,26.330976486206055,0.08344456553459167,0.9399434328079224,0.14034885168075562,3
83,,,,,0.07344283908605576,0.0,0.9369971752166748,0.0,0.5295554399490356,26.39216423034668,0.13958989083766937,0.13958989083766937,0.8745570182800293,0.5295554399490356,26.39216423034668,0.46955543756484985,0.0,0.0,0.0,26.330976486206055,0.08344456553459167,0.9399434328079224,0.14034885168075562,3
84,,,,,0.07348237931728363,0.0,0.9370789527893066,0.0,0.5298077464103699,26.392013549804688,0.1395924687385559,0.1395924687385559,0.874553382396698,0.5298077464103699,26.392013549804688,0.4698077440261841,0.0,0.0,0.0,26.330976486206055,0.08344456553459167,0.9399434328079224,0.14034885168075562,3
85,,,,,0.07351933419704437,0.0,0.9371536374092102,0.0,0.5300357341766357,26.391883850097656,0.13959461450576782,0.13959461450576782,0.8745508193969727,0.5300357341766357,26.391883850097656,0.47003573179244995,0.0,0.0,0.0,26.330976486206055,0.08344456553459167,0.9399434328079224,0.14034885168075562,3
86,,,,,0.07355259358882904,0.0,0.9372234344482422,0.0,0.5302431583404541,26.39175796508789,0.13959664106369019,0.13959664106369019,0.8745474815368652,0.5302431583404541,26.39175796508789,0.4702431559562683,0.0,0.0,0.0,26.330976486206055,0.08344456553459167,0.9399434328079224,0.14034885168075562,3
87,,,,,0.07358254492282867,0.0,0.9372850656509399,0.0,0.5304345488548279,26.391643524169922,0.13959841430187225,0.13959841430187225,0.8745455145835876,0.5304345488548279,26.391643524169922,0.4704345464706421,0.0,0.0,0.0,26.330976486206055,0.08344456553459167,0.9399434328079224,0.14034885168075562,3
88,,,,,0.07360979914665222,0.0,0.9373399019241333,0.0,0.5306007862091064,26.39154624938965,0.13959993422031403,0.13959993422031403,0.8745433688163757,0.5306007862091064,26.39154624938965,0.47060078382492065,0.0,0.0,0.0,26.330976486206055,0.08344456553459167,0.9399434328079224,0.14034885168075562,3
89,,,,,0.07363450527191162,0.0,0.9373903870582581,0.0,0.5307571887969971,26.39145278930664,0.13960130512714386,0.13960130512714386,0.8745409846305847,0.5307571887969971,26.39145278930664,0.4707571864128113,0.0,0.0,0.0,26.330976486206055,0.08344456553459167,0.9399434328079224,0.14034885168075562,3
90,,,,,0.07365685701370239,0.0,0.9374370574951172,0.0,0.5308970808982849,26.39137077331543,0.13960260152816772,0.13960260152816772,0.874539315700531,0.5308970808982849,26.39137077331543,0.4708970785140991,0.0,0.0,0.0,26.330976486206055,0.08344456553459167,0.9399434328079224,0.14034885168075562,3
91,,,,,0.07367710769176483,0.0,0.9374768733978271,0.0,0.5310279130935669,26.39128875732422,0.13960376381874084,0.13960376381874084,0.8745375871658325,0.5310279130935669,26.39128875732422,0.4710279107093811,0.0,0.0,0.0,26.330976486206055,0.08344456553459167,0.9399434328079224,0.14034885168075562,3
92,,,,,0.073695108294487,0.0,0.937514066696167,0.0,0.5311424136161804,26.39122200012207,0.13960474729537964,0.13960474729537964,0.8745357394218445,0.5311424136161804,26.39122200012207,0.47114241123199463,0.0,0.0,0.0,26.330976486206055,0.08344456553459167,0.9399434328079224,0.14034885168075562,3
93,,,,,0.07371154427528381,0.0,0.9375494718551636,0.0,0.5312470197677612,26.39116096496582,0.13960574567317963,0.13960574567317963,0.8745342493057251,0.5312470197677612,26.39116096496582,0.47124701738357544,0.0,0.0,0.0,26.330976486206055,0.08344456553459167,0.9399434328079224,0.14034885168075562,3
94,,,,,0.07372641563415527,0.0,0.9375792145729065,0.0,0.5313399434089661,26.39110565185547,0.1396065652370453,0.1396065652370453,0.8745331764221191,0.5313399434089661,26.39110565185547,0.4713399410247803,0.0,0.0,0.0,26.330976486206055,0.08344456553459167,0.9399434328079224,0.14034885168075562,3
95,,,,,0.07374013960361481,0.0,0.9376074075698853,0.0,0.5314255952835083,26.39105224609375,0.13960739970207214,0.13960739970207214,0.8745319247245789,0.5314255952835083,26.39105224609375,0.4714255928993225,0.0,0.0,0.0,26.330976486206055,0.08344456553459167,0.9399434328079224,0.14034885168075562,3
96,,,,,0.07375220209360123,0.0,0.9376318454742432,0.0,0.5315038561820984,26.391008377075195,0.13960802555084229,0.13960802555084229,0.8745307326316833,0.5315038561820984,26.391008377075195,0.4715038537979126,0.0,0.0,0.0,26.330976486206055,0.08344456553459167,0.9399434328079224,0.14034885168075562,3
97,,,,,0.07376369833946228,0.0,0.937653660774231,0.0,0.5315736532211304,26.390968322753906,0.13960868120193481,0.13960868120193481,0.8745299577713013,0.5315736532211304,26.390968322753906,0.4715736508369446,0.0,0.0,0.0,26.330976486206055,0.08344456553459167,0.9399434328079224,0.14034885168075562,3
98,,,,,0.07377509772777557,0.0,0.9376748204231262,0.0,0.5316364765167236,26.39093017578125,0.13960924744606018,0.13960924744606018,0.8745295405387878,0.5316364765167236,26.39093017578125,0.47163647413253784,0.0,0.0,0.0,26.330976486206055,0.08344456553459167,0.9399434328079224,0.14034885168075562,3
99,,,,,0.07378532737493515,0.0,0.9376950263977051,0.0,0.5316959023475647,26.390893936157227,0.13960975408554077,0.13960975408554077,0.8745282888412476,0.5316959023475647,26.390893936157227,0.4716958999633789,0.0,0.0,0.0,26.330976486206055,0.08344456553459167,0.9399434328079224,0.14034885168075562,3
100,,,,,0.0737944096326828,0.0,0.9377110004425049,0.0,0.5317495465278625,26.390859603881836,0.13961023092269897,0.13961023092269897,0.8745275735855103,0.5317495465278625,26.390859603881836,0.47174954414367676,0.0,0.0,0.0,26.330976486206055,0.08344456553459167,0.9399434328079224,0.14034885168075562,3
101,,,,,0.0738026425242424,0.0,0.9377265572547913,0.0,0.5317943096160889,26.39083480834961,0.1396106630563736,0.1396106630563736,0.8745273351669312,0.5317943096160889,26.39083480834961,0.4717943072319031,0.0,0.0,0.0,26.330976486206055,0.08344456553459167,0.9399434328079224,0.14034885168075562,3
102,,,,,0.07381074130535126,0.0,0.9377390146255493,0.0,0.5318384766578674,26.39080810546875,0.13961103558540344,0.13961103558540344,0.874526858329773,0.5318384766578674,26.39080810546875,0.47183847427368164,0.0,0.0,0.0,26.330976486206055,0.08344456553459167,0.9399434328079224,0.14034885168075562,3
103,,,,,0.07381747663021088,0.0,0.9377518892288208,0.0,0.5318752527236938,26.390783309936523,0.13961145281791687,0.13961145281791687,0.8745262622833252,0.5318752527236938,26.390783309936523,0.47187525033950806,0.0,0.0,0.0,26.330976486206055,0.08344456553459167,0.9399434328079224,0.14034885168075562,3
104,,,,,0.07382369041442871,0.0,0.937762975692749,0.0,0.5319133400917053,26.390762329101562,0.13961175084114075,0.13961175084114075,0.8745255470275879,0.5319133400917053,26.390762329101562,0.47191333770751953,0.0,0.0,0.0,26.330976486206055,0.08344456553459167,0.9399434328079224,0.14034885168075562,3
105,,,,,0.073829285800457,0.0,0.9377733469009399,0.0,0.5319445133209229,26.390745162963867,0.13961203396320343,0.13961203396320343,0.8745253086090088,0.5319445133209229,26.390745162963867,0.47194451093673706,0.0,0.0,0.0,26.330976486206055,0.08344456553459167,0.9399434328079224,0.14034885168075562,3
106,,,,,0.07383433729410172,0.0,0.9377831816673279,0.0,0.5319731831550598,26.390724182128906,0.13961228728294373,0.13961228728294373,0.8745247721672058,0.5319731831550598,26.390724182128906,0.471973180770874,0.0,0.0,0.0,26.330976486206055,0.08344456553459167,0.9399434328079224,0.14034885168075562,3
107,,,,,0.07383911311626434,0.0,0.9377922415733337,0.0,0.5319982767105103,26.390714645385742,0.13961251080036163,0.13961251080036163,0.874524712562561,0.5319982767105103,26.390714645385742,0.47199827432632446,0.0,0.0,0.0,26.330976486206055,0.08344456553459167,0.9399434328079224,0.14034885168075562,3
108,,,,,0.07384312152862549,0.0,0.9377979636192322,0.0,0.5320205688476562,26.390701293945312,0.13961270451545715,0.13961270451545715,0.8745245933532715,0.5320205688476562,26.390701293945312,0.47202056646347046,0.0,0.0,0.0,26.330976486206055,0.08344456553459167,0.9399434328079224,0.14034885168075562,3
109,,,,,0.07384662330150604,0.0,0.9378043413162231,0.0,0.5320430994033813,26.39068603515625,0.13961288332939148,0.13961288332939148,0.8745241165161133,0.5320430994033813,26.39068603515625,0.47204309701919556,0.0,0.0,0.0,26.330976486206055,0.08344456553459167,0.9399434328079224,0.14034885168075562,3
110,,,,,0.0738503560423851,0.0,0.9378103017807007,0.0,0.5320629477500916,26.390670776367188,0.1396130621433258,0.1396130621433258,0.8745242357254028,0.5320629477500916,26.390670776367188,0.47206294536590576,0.0,0.0,0.0,26.330976486206055,0.08344456553459167,0.9399434328079224,0.14034885168075562,3
111,,,,,0.0738535076379776,0.0,0.9378148317337036,0.0,0.5320807695388794,26.39066505432129,0.13961325585842133,0.13961325585842133,0.8745235204696655,0.5320807695388794,26.39066505432129,0.4720807671546936,0.0,0.0,0.0,26.330976486206055,0.08344456553459167,0.9399434328079224,0.14034885168075562,3
112,,,,,0.07385613024234772,0.0,0.9378206133842468,0.0,0.5320955514907837,26.390657424926758,0.13961336016654968,0.13961336016654968,0.8745235800743103,0.5320955514907837,26.390657424926758,0.4720955491065979,0.0,0.0,0.0,26.330976486206055,0.08344456553459167,0.9399434328079224,0.14034885168075562,3
113,,,,,0.07385869324207306,0.0,0.9378259181976318,0.0,0.5321107506752014,26.390647888183594,0.13961344957351685,0.13961344957351685,0.8745235204696655,0.5321107506752014,26.390647888183594,0.4721107482910156,0.0,0.0,0.0,26.330976486206055,0.08344456553459167,0.9399434328079224,0.14034885168075562,3
114,,,,,0.0738610327243805,0.0,0.9378308653831482,0.0,0.5321229696273804,26.390640258789062,0.13961361348628998,0.13961361348628998,0.8745231628417969,0.5321229696273804,26.390640258789062,0.4721229672431946,0.0,0.0,0.0,26.330976486206055,0.08344456553459167,0.9399434328079224,0.14034885168075562,3
115,,,,,0.07386324554681778,0.0,0.9378334283828735,0.0,0.5321319699287415,26.390636444091797,0.13961370289325714,0.13961370289325714,0.8745228052139282,0.5321319699287415,26.390636444091797,0.47213196754455566,0.0,0.0,0.0,26.330976486206055,0.08344456553459167,0.9399434328079224,0.14034885168075562,3
116,,,,,0.07386511564254761,0.0,0.937836766242981,0.0,0.5321444272994995,26.390628814697266,0.1396137773990631,0.1396137773990631,0.874522864818573,0.5321444272994995,26.390628814697266,0.4721444249153137,0.0,0.0,0.0,26.330976486206055,0.08344456553459167,0.9399434328079224,0.14034885168075562,3
117,,,,,0.0738668441772461,0.0,0.9378407001495361,0.0,0.5321548581123352,26.3906192779541,0.13961389660835266,0.13961389660835266,0.8745228052139282,0.5321548581123352,26.3906192779541,0.4721548557281494,0.0,0.0,0.0,26.330976486206055,0.08344456553459167,0.9399434328079224,0.14034885168075562,3
118,,,,,0.07386814057826996,0.0,0.9378437995910645,0.0,0.5321632623672485,26.39061737060547,0.13961394131183624,0.13961394131183624,0.8745225667953491,0.5321632623672485,26.39061737060547,0.47216325998306274,0.0,0.0,0.0,26.330976486206055,0.08344456553459167,0.9399434328079224,0.14034885168075562,3
119,,,,,0.07386975735425949,0.0,0.9378472566604614,0.0,0.5321720838546753,26.390609741210938,0.1396140307188034,0.1396140307188034,0.8745225667953491,0.5321720838546753,26.390609741210938,0.4721720814704895,0.0,0.0,0.0,26.330976486206055,0.08344456553459167,0.9399434328079224,0.14034885168075562,3
120,,,,,0.07387104630470276,0.0,0.9378483891487122,0.0,0.5321793556213379,26.390607833862305,0.139614075422287,0.139614075422287,0.8745224475860596,0.5321793556213379,26.390607833862305,0.4721793532371521,0.0,0.0,0.0,26.330976486206055,0.08344456553459167,0.9399434328079224,0.14034885168075562,3
121,,,,,0.07387223839759827,0.0,0.9378507137298584,0.0,0.5321848392486572,26.390602111816406,0.13961416482925415,0.13961416482925415,0.87452232837677,0.5321848392486572,26.390602111816406,0.47218483686447144,0.0,0.0,0.0,26.330976486206055,0.08344456553459167,0.9399434328079224,0.14034885168075562,3
122,,,,,0.0738731324672699,0.0,0.9378517270088196,0.0,0.5321901440620422,26.390600204467773,0.13961420953273773,0.13961420953273773,0.87452232837677,0.5321901440620422,26.390600204467773,0.47219014167785645,0.0,0.0,0.0,26.330976486206055,0.08344456553459167,0.9399434328079224,0.14034885168075562,3
123,,,,,0.07387395203113556,0.0,0.9378554821014404,0.0,0.5321969985961914,26.390592575073242,0.1396142691373825,0.1396142691373825,0.8745220899581909,0.5321969985961914,26.390592575073242,0.4721969962120056,0.0,0.0,0.0,26.330976486206055,0.08344456553459167,0.9399434328079224,0.14034885168075562,3
124,,,,,0.07387487590312958,0.0,0.9378555417060852,0.0,0.5322027206420898,26.390592575073242,0.1396143138408661,0.1396143138408661,0.8745221495628357,0.5322027206420898,26.390592575073242,0.47220271825790405,0.0,0.0,0.0,26.330976486206055,0.08344456553459167,0.9399434328079224,0.14034885168075562,3
125,,,,,0.07387569546699524,0.0,0.9378567934036255,0.0,0.5322061777114868,26.390588760375977,0.13961434364318848,0.13961434364318848,0.8745220899581909,0.5322061777114868,26.390588760375977,0.472206175327301,0.0,0.0,0.0,26.330976486206055,0.08344456553459167,0.9399434328079224,0.14034885168075562,3
126,,,,,0.07387639582157135,0.0,0.9378596544265747,0.0,0.532209038734436,26.390588760375977,0.13961437344551086,0.13961437344551086,0.8745219111442566,0.532209038734436,26.390588760375977,0.47220903635025024,0.0,0.0,0.0,26.330976486206055,0.08344456553459167,0.9399434328079224,0.14034885168075562,3
127,,,,,0.0738770067691803,0.0,0.9378576278686523,0.0,0.5322127342224121,26.390586853027344,0.13961446285247803,0.13961446285247803,0.8745219111442566,0.5322127342224121,26.390586853027344,0.4722127318382263,0.0,0.0,0.0,26.330976486206055,0.08344456553459167,0.9399434328079224,0.14034885168075562,3
128,,,,,0.07387750595808029,0.0,0.9378600120544434,0.0,0.5322149991989136,26.390586853027344,0.13961446285247803,0.13961446285247803,0.8745219111442566,0.5322149991989136,26.390586853027344,0.4722149968147278,0.0,0.0,0.0,26.330976486206055,0.08344456553459167,0.9399434328079224,0.14034885168075562,3
129,,,,,0.07387784868478775,0.0,0.9378625154495239,0.0,0.5322176814079285,26.390579223632812,0.13961447775363922,0.13961447775363922,0.8745218515396118,0.5322176814079285,26.390579223632812,0.4722176790237427,0.0,0.0,0.0,26.330976486206055,0.08344456553459167,0.9399434328079224,0.14034885168075562,3
130,,,,,0.07387825846672058,0.0,0.9378621578216553,0.0,0.5322208404541016,26.390579223632812,0.13961449265480042,0.13961449265480042,0.8745217323303223,0.5322208404541016,26.390579223632812,0.47222083806991577,0.0,0.0,0.0,26.330976486206055,0.08344456553459167,0.9399434328079224,0.14034885168075562,3
131,,,,,0.07387898117303848,0.0,0.9378644227981567,0.0,0.532223105430603,26.390581130981445,0.1396145224571228,0.1396145224571228,0.8745218515396118,0.532223105430603,26.390581130981445,0.47222310304641724,0.0,0.0,0.0,26.330976486206055,0.08344456553459167,0.9399434328079224,0.14034885168075562,3
132,,,,,0.07387904077768326,0.0,0.937862753868103,0.0,0.5322239995002747,26.390579223632812,0.1396145224571228,0.1396145224571228,0.8745217323303223,0.5322239995002747,26.390579223632812,0.47222399711608887,0.0,0.0,0.0,26.330976486206055,0.08344456553459167,0.9399434328079224,0.14034885168075562,3
133,,,,,0.07387945055961609,0.0,0.9378642439842224,0.0,0.5322282910346985,26.390575408935547,0.13961458206176758,0.13961458206176758,0.8745217323303223,0.5322282910346985,26.390575408935547,0.4722282886505127,0.0,0.0,0.0,26.330976486206055,0.08344456553459167,0.9399434328079224,0.14034885168075562,3
134,,,,,0.07387988269329071,0.0,0.9378641843795776,0.0,0.5322282314300537,26.390579223632812,0.13961458206176758,0.13961458206176758,0.8745216727256775,0.5322282314300537,26.390579223632812,0.4722282290458679,0.0,0.0,0.0,26.330976486206055,0.08344456553459167,0.9399434328079224,0.14034885168075562,3
135,,,,,0.07388018071651459,0.0,0.937865138053894,0.0,0.5322304964065552,26.390575408935547,0.13961459696292877,0.13961459696292877,0.8745216131210327,0.5322304964065552,26.390575408935547,0.4722304940223694,0.0,0.0,0.0,26.330976486206055,0.08344456553459167,0.9399434328079224,0.14034885168075562,3
136,,,,,0.073880136013031,0.0,0.9378658533096313,0.0,0.5322320461273193,26.39057159423828,0.13961456716060638,0.13961456716060638,0.8745216131210327,0.5322320461273193,26.39057159423828,0.47223204374313354,0.0,0.0,0.0,26.330976486206055,0.08344456553459167,0.9399434328079224,0.14034885168075562,3
137,,,,,0.07388041913509369,0.0,0.9378662109375,0.0,0.5322340726852417,26.39057159423828,0.13961461186408997,0.13961461186408997,0.8745216727256775,0.5322340726852417,26.39057159423828,0.4722340703010559,0.0,0.0,0.0,26.330976486206055,0.08344456553459167,0.9399434328079224,0.14034885168075562,3
138,,,,,0.07388077676296234,0.0,0.9378666877746582,0.0,0.5322340726852417,26.390573501586914,0.13961461186408997,0.13961461186408997,0.8745216131210327,0.5322340726852417,26.390573501586914,0.4722340703010559,0.0,0.0,0.0,26.330976486206055,0.08344456553459167,0.9399434328079224,0.14034885168075562,3
139,,,,,0.07388079911470413,0.0,0.9378678202629089,0.0,0.5322357416152954,26.39057159423828,0.13961462676525116,0.13961462676525116,0.8745216131210327,0.5322357416152954,26.39057159423828,0.4722357392311096,0.0,0.0,0.0,26.330976486206055,0.08344456553459167,0.9399434328079224,0.14034885168075562,3
140,,,,,0.07388106733560562,0.0,0.9378688335418701,0.0,0.5322351455688477,26.39057159423828,0.13961467146873474,0.13961467146873474,0.8745216131210327,0.5322351455688477,26.39057159423828,0.47223514318466187,0.0,0.0,0.0,26.330976486206055,0.08344456553459167,0.9399434328079224,0.14034885168075562,3
141,,,,,0.07388125360012054,0.0,0.9378668665885925,0.0,0.5322372913360596,26.39056968688965,0.13961465656757355,0.13961465656757355,0.8745214343070984,0.5322372913360596,26.39056968688965,0.4722372889518738,0.0,0.0,0.0,26.330976486206055,0.08344456553459167,0.9399434328079224,0.14034885168075562,3
142,,,,,0.07388125360012054,0.0,0.9378679394721985,0.0,0.5322379469871521,26.39056968688965,0.13961467146873474,0.13961467146873474,0.8745216131210327,0.5322379469871521,26.39056968688965,0.4722379446029663,0.0,0.0,0.0,26.330976486206055,0.08344456553459167,0.9399434328079224,0.14034885168075562,3
143,,,,,0.07388170063495636,0.0,0.9378695487976074,0.0,0.5322384834289551,26.39056968688965,0.13961468636989594,0.13961468636989594,0.8745214343070984,0.5322384834289551,26.39056968688965,0.4722384810447693,0.0,0.0,0.0,26.330976486206055,0.08344456553459167,0.9399434328079224,0.14034885168075562,3
144,,,,,0.07388141751289368,0.0,0.937869668006897,0.0,0.5322418212890625,26.39056396484375,0.13961470127105713,0.13961470127105713,0.8745214343070984,0.5322418212890625,26.39056396484375,0.4722418189048767,0.0,0.0,0.0,26.330976486206055,0.08344456553459167,0.9399434328079224,0.14034885168075562,3
145,,,,,0.07388155162334442,0.0,0.9378678202629089,0.0,0.5322394371032715,26.390567779541016,0.13961467146873474,0.13961467146873474,0.8745214343070984,0.5322394371032715,26.390567779541016,0.4722394347190857,0.0,0.0,0.0,26.330976486206055,0.08344456553459167,0.9399434328079224,0.14034885168075562,3
146,,,,,0.07388157397508621,0.0,0.9378690719604492,0.0,0.5322393178939819,26.39056968688965,0.13961470127105713,0.13961470127105713,0.8745214939117432,0.5322393178939819,26.39056968688965,0.47223931550979614,0.0,0.0,0.0,26.330976486206055,0.08344456553459167,0.9399434328079224,0.14034885168075562,3
147,,,,,0.0738816037774086,0.0,0.9378697872161865,0.0,0.5322401523590088,26.390567779541016,0.13961471617221832,0.13961471617221832,0.8745216131210327,0.5322401523590088,26.390567779541016,0.472240149974823,0.0,0.0,0.0,26.330976486206055,0.08344456553459167,0.9399434328079224,0.14034885168075562,3
148,,,,,0.07388177514076233,0.0,0.9378705620765686,0.0,0.5322408676147461,26.390567779541016,0.13961467146873474,0.13961467146873474,0.8745216131210327,0.5322408676147461,26.390567779541016,0.4722408652305603,0.0,0.0,0.0,26.330976486206055,0.08344456553459167,0.9399434328079224,0.14034885168075562,3
149,,,,,0.07388205826282501,0.0,0.9378695487976074,0.0,0.5322427749633789,26.390567779541016,0.13961471617221832,0.13961471617221832,0.8745214939117432,0.5322427749633789,26.390567779541016,0.4722427725791931,0.0,0.0,0.0,26.330976486206055,0.08344456553459167,0.9399434328079224,0.14034885168075562,3
150,,,,,0.0738820731639862,0.0,0.9378691911697388,0.0,0.5322410464286804,26.39056968688965,0.13961467146873474,0.13961467146873474,0.8745216131210327,0.5322410464286804,26.39056968688965,0.47224104404449463,0.0,0.0,0.0,26.330976486206055,0.08344456553459167,0.9399434328079224,0.14034885168075562,3
151,,,,,0.0738820880651474,0.0,0.9378689527511597,0.0,0.5322437286376953,26.390567779541016,0.13961470127105713,0.13961470127105713,0.8745213747024536,0.5322437286376953,26.390567779541016,0.4722437262535095,0.0,0.0,0.0,26.330976486206055,0.08344456553459167,0.9399434328079224,0.14034885168075562,3
152,,,,,0.07388234883546829,0.0,0.9378697872161865,0.0,0.5322422385215759,26.390567779541016,0.13961470127105713,0.13961470127105713,0.8745216131210327,0.5322422385215759,26.390567779541016,0.47224223613739014,0.0,0.0,0.0,26.330976486206055,0.08344456553459167,0.9399434328079224,0.14034885168075562,3
153,,,,,0.07388227432966232,0.0,0.9378690719604492,0.0,0.5322431325912476,26.39056396484375,0.13961470127105713,0.13961470127105713,0.8745214343070984,0.5322431325912476,26.39056396484375,0.47224313020706177,0.0,0.0,0.0,26.330976486206055,0.08344456553459167,0.9399434328079224,0.14034885168075562,3
154,,,,,0.07388212531805038,0.0,0.9378705620765686,0.0,0.5322442650794983,26.39056396484375,0.13961471617221832,0.13961471617221832,0.8745214939117432,0.5322442650794983,26.39056396484375,0.4722442626953125,0.0,0.0,0.0,26.330976486206055,0.08344456553459167,0.9399434328079224,0.14034885168075562,3
155,,,,,0.07388227432966232,0.0,0.9378693699836731,0.0,0.5322432518005371,26.390567779541016,0.13961473107337952,0.13961473107337952,0.8745216131210327,0.5322432518005371,26.390567779541016,0.4722432494163513,0.0,0.0,0.0,26.330976486206055,0.08344456553459167,0.9399434328079224,0.14034885168075562,3
156,,,,,0.07388225197792053,0.0,0.9378697276115417,0.0,0.5322445631027222,26.39056396484375,0.13961473107337952,0.13961473107337952,0.8745216131210327,0.5322445631027222,26.39056396484375,0.4722445607185364,0.0,0.0,0.0,26.330976486206055,0.08344456553459167,0.9399434328079224,0.14034885168075562,3
157,,,,,0.07388228178024292,0.0,0.937869668006897,0.0,0.5322437286376953,26.39056396484375,0.13961473107337952,0.13961473107337952,0.8745214343070984,0.5322437286376953,26.39056396484375,0.4722437262535095,0.0,0.0,0.0,26.330976486206055,0.08344456553459167,0.9399434328079224,0.14034885168075562,3
158,,,,,0.07388222217559814,0.0,0.9378702640533447,0.0,0.5322432518005371,26.39056396484375,0.13961473107337952,0.13961473107337952,0.8745213747024536,0.5322432518005371,26.39056396484375,0.4722432494163513,0.0,0.0,0.0,26.330976486206055,0.08344456553459167,0.9399434328079224,0.14034885168075562,3
159,,,,,0.07388235628604889,0.0,0.9378693103790283,0.0,0.5322432518005371,26.390567779541016,0.13961473107337952,0.13961473107337952,0.8745216131210327,0.5322432518005371,26.390567779541016,0.4722432494163513,0.0,0.0,0.0,26.330976486206055,0.08344456553459167,0.9399434328079224,0.14034885168075562,3
160,,,,,0.0738823264837265,0.0,0.9378690719604492,0.0,0.5322427749633789,26.390567779541016,0.13961473107337952,0.13961473107337952,0.8745214939117432,0.5322427749633789,26.390567779541016,0.4722427725791931,0.0,0.0,0.0,26.330976486206055,0.08344456553459167,0.9399434328079224,0.14034885168075562,3
161,,,,,0.07388242334127426,0.0,0.9378707408905029,0.0,0.5322444438934326,26.39056396484375,0.13961473107337952,0.13961473107337952,0.8745214939117432,0.5322444438934326,26.39056396484375,0.4722444415092468,0.0,0.0,0.0,26.330976486206055,0.08344456553459167,0.9399434328079224,0.14034885168075562,3
162,,,,,0.07388250529766083,0.0,0.937870979309082,0.0,0.532244086265564,26.39056396484375,0.13961473107337952,0.13961473107337952,0.8745214343070984,0.532244086265564,26.39056396484375,0.4722440838813782,0.0,0.0,0.0,26.330976486206055,0.08344456553459167,0.9399434328079224,0.14034885168075562,3
163,,,,,0.07388244569301605,0.0,0.9378706216812134,0.0,0.5322428941726685,26.390567779541016,0.1396147608757019,0.1396147608757019,0.8745216131210327,0.5322428941726685,26.390567779541016,0.47224289178848267,0.0,0.0,0.0,26.330976486206055,0.08344456553459167,0.9399434328079224,0.14034885168075562,3
164,,,,,0.07388237118721008,0.0,0.9378718137741089,0.0,0.5322445631027222,26.39056396484375,0.13961471617221832,0.13961471617221832,0.8745214939117432,0.5322445631027222,26.39056396484375,0.4722445607185364,0.0,0.0,0.0,26.330976486206055,0.08344456553459167,0.9399434328079224,0.14034885168075562,3
165,,,,,0.07388246059417725,0.0,0.9378695487976074,0.0,0.5322439670562744,26.390567779541016,0.13961468636989594,0.13961468636989594,0.8745214343070984,0.5322439670562744,26.390567779541016,0.4722439646720886,0.0,0.0,0.0,26.330976486206055,0.08344456553459167,0.9399434328079224,0.14034885168075562,3
166,,,,,0.07388266175985336,0.0,0.9378712177276611,0.0,0.5322443246841431,26.39056396484375,0.13961470127105713,0.13961470127105713,0.8745214343070984,0.5322443246841431,26.39056396484375,0.4722443222999573,0.0,0.0,0.0,26.330976486206055,0.08344456553459167,0.9399434328079224,0.14034885168075562,3
167,,,,,0.07388247549533844,0.0,0.9378699660301208,0.0,0.5322446823120117,26.39056396484375,0.13961470127105713,0.13961470127105713,0.8745214939117432,0.5322446823120117,26.39056396484375,0.4722446799278259,0.0,0.0,0.0,26.330976486206055,0.08344456553459167,0.9399434328079224,0.14034885168075562,3
168,,,,,0.0738825798034668,0.0,0.9378711581230164,0.0,0.5322459936141968,26.39056396484375,0.13961473107337952,0.13961473107337952,0.8745214939117432,0.5322459936141968,26.39056396484375,0.472245991230011,0.0,0.0,0.0,26.330976486206055,0.08344456553459167,0.9399434328079224,0.14034885168075562,3
169,,,,,0.07388238608837128,0.0,0.9378694295883179,0.0,0.5322452783584595,26.39056396484375,0.13961473107337952,0.13961473107337952,0.8745214939117432,0.5322452783584595,26.39056396484375,0.4722452759742737,0.0,0.0,0.0,26.330976486206055,0.08344456553459167,0.9399434328079224,0.14034885168075562,3
170,,,,,0.07388253509998322,0.0,0.9378696084022522,0.0,0.5322445631027222,26.39056396484375,0.13961473107337952,0.13961473107337952,0.8745216131210327,0.5322445631027222,26.39056396484375,0.4722445607185364,0.0,0.0,0.0,26.330976486206055,0.08344456553459167,0.9399434328079224,0.14034885168075562,3
171,,,,,0.07388259470462799,0.0,0.937869668006897,0.0,0.5322439670562744,26.39056396484375,0.13961473107337952,0.13961473107337952,0.8745214939117432,0.5322439670562744,26.39056396484375,0.4722439646720886,0.0,0.0,0.0,26.330976486206055,0.08344456553459167,0.9399434328079224,0.14034885168075562,3
172,,,,,0.07388255000114441,0.0,0.937872052192688,0.0,0.5322452783584595,26.39056396484375,0.13961470127105713,0.13961470127105713,0.8745214939117432,0.5322452783584595,26.39056396484375,0.4722452759742737,0.0,0.0,0.0,26.330976486206055,0.08344456553459167,0.9399434328079224,0.14034885168075562,3
173,,,,,0.07388251274824142,0.0,0.9378693699836731,0.0,0.5322451591491699,26.39056396484375,0.13961473107337952,0.13961473107337952,0.8745214939117432,0.5322451591491699,26.39056396484375,0.47224515676498413,0.0,0.0,0.0,26.330976486206055,0.08344456553459167,0.9399434328079224,0.14034885168075562,3
174,,,,,0.07388250529766083,0.0,0.9378722906112671,0.0,0.5322445631027222,26.39056396484375,0.1396147459745407,0.1396147459745407,0.8745213747024536,0.5322445631027222,26.39056396484375,0.4722445607185364,0.0,0.0,0.0,26.330976486206055,0.08344456553459167,0.9399434328079224,0.14034885168075562,3
175,,,,,0.07388239353895187,0.0,0.9378700852394104,0.0,0.532243549823761,26.390567779541016,0.13961470127105713,0.13961470127105713,0.8745216131210327,0.532243549823761,26.390567779541016,0.4722435474395752,0.0,0.0,0.0,26.330976486206055,0.08344456553459167,0.9399434328079224,0.14034885168075562,3
176,,,,,0.07388248294591904,0.0,0.9378702044487,0.0,0.5322434902191162,26.390567779541016,0.13961471617221832,0.13961471617221832,0.8745216131210327,0.5322434902191162,26.390567779541016,0.4722434878349304,0.0,0.0,0.0,26.330976486206055,0.08344456553459167,0.9399434328079224,0.14034885168075562,3
177,,,,,0.07388254255056381,0.0,0.9378707408905029,0.0,0.5322442054748535,26.390567779541016,0.13961471617221832,0.13961471617221832,0.8745214343070984,0.5322442054748535,26.390567779541016,0.4722442030906677,0.0,0.0,0.0,26.330976486206055,0.08344456553459167,0.9399434328079224,0.14034885168075562,3
178,,,,,0.07388240098953247,0.0,0.9378693103790283,0.0,0.5322449207305908,26.39056396484375,0.1396147459745407,0.1396147459745407,0.8745216131210327,0.5322449207305908,26.39056396484375,0.47224491834640503,0.0,0.0,0.0,26.330976486206055,0.08344456553459167,0.9399434328079224,0.14034885168075562,3
179,,,,,0.0738825649023056,0.0,0.9378710985183716,0.0,0.5322444438934326,26.39056396484375,0.13961470127105713,0.13961470127105713,0.8745213747024536,0.5322444438934326,26.39056396484375,0.4722444415092468,0.0,0.0,0.0,26.330976486206055,0.08344456553459167,0.9399434328079224,0.14034885168075562,3
180,,,,,0.07388269901275635,0.0,0.9378694295883179,0.0,0.5322450995445251,26.39056396484375,0.13961473107337952,0.13961473107337952,0.8745212554931641,0.5322450995445251,26.39056396484375,0.47224509716033936,0.0,0.0,0.0,26.330976486206055,0.08344456553459167,0.9399434328079224,0.14034885168075562,3
181,,,,,0.07388263940811157,0.0,0.9378703832626343,0.0,0.5322450399398804,26.39056396484375,0.13961473107337952,0.13961473107337952,0.8745214939117432,0.5322450399398804,26.39056396484375,0.4722450375556946,0.0,0.0,0.0,26.330976486206055,0.08344456553459167,0.9399434328079224,0.14034885168075562,3
182,,,,,0.07388243079185486,0.0,0.9378708600997925,0.0,0.5322461128234863,26.390562057495117,0.1396147608757019,0.1396147608757019,0.8745213747024536,0.5322461128234863,26.390562057495117,0.47224611043930054,0.0,0.0,0.0,26.330976486206055,0.08344456553459167,0.9399434328079224,0.14034885168075562,3
183,,,,,0.07388263940811157,0.0,0.9378702640533447,0.0,0.532246470451355,26.39056396484375,0.13961473107337952,0.13961473107337952,0.8745214343070984,0.532246470451355,26.39056396484375,0.4722464680671692,0.0,0.0,0.0,26.330976486206055,0.08344456553459167,0.9399434328079224,0.14034885168075562,3
184,,,,,0.07388244569301605,0.0,0.937869131565094,0.0,0.5322444438934326,26.39056396484375,0.13961473107337952,0.13961473107337952,0.8745216131210327,0.5322444438934326,26.39056396484375,0.4722444415092468,0.0,0.0,0.0,26.330976486206055,0.08344456553459167,0.9399434328079224,0.14034885168075562,3
185,,,,,0.07388277351856232,0.0,0.9378700256347656,0.0,0.5322443246841431,26.390567779541016,0.13961473107337952,0.13961473107337952,0.8745214939117432,0.5322443246841431,26.390567779541016,0.4722443222999573,0.0,0.0,0.0,26.330976486206055,0.08344456553459167,0.9399434328079224,0.14034885168075562,3
186,,,,,0.07388259470462799,0.0,0.9378699064254761,0.0,0.5322453379631042,26.39056396484375,0.13961470127105713,0.13961470127105713,0.8745216727256775,0.5322453379631042,26.39056396484375,0.47224533557891846,0.0,0.0,0.0,26.330976486206055,0.08344456553459167,0.9399434328079224,0.14034885168075562,3
187,,,,,0.07388242334127426,0.0,0.9378708004951477,0.0,0.5322456359863281,26.390562057495117,0.13961473107337952,0.13961473107337952,0.8745214939117432,0.5322456359863281,26.390562057495117,0.47224563360214233,0.0,0.0,0.0,26.330976486206055,0.08344456553459167,0.9399434328079224,0.14034885168075562,3
188,,,,,0.07388264685869217,0.0,0.9378705024719238,0.0,0.532245397567749,26.39056396484375,0.13961470127105713,0.13961470127105713,0.8745214939117432,0.532245397567749,26.39056396484375,0.47224539518356323,0.0,0.0,0.0,26.330976486206055,0.08344456553459167,0.9399434328079224,0.14034885168075562,3
189,,,,,0.07388265430927277,0.0,0.937870442867279,0.0,0.5322445631027222,26.390567779541016,0.13961470127105713,0.13961470127105713,0.8745216727256775,0.5322445631027222,26.390567779541016,0.4722445607185364,0.0,0.0,0.0,26.330976486206055,0.08344456553459167,0.9399434328079224,0.14034885168075562,3
190,,,,,0.07388234883546829,0.0,0.9378713965415955,0.0,0.5322444438934326,26.39056396484375,0.13961470127105713,0.13961470127105713,0.8745214939117432,0.5322444438934326,26.39056396484375,0.4722444415092468,0.0,0.0,0.0,26.330976486206055,0.08344456553459167,0.9399434328079224,0.14034885168075562,3
191,,,,,0.073882557451725,0.0,0.937870979309082,0.0,0.532245397567749,26.39056396484375,0.1396147459745407,0.1396147459745407,0.8745213747024536,0.532245397567749,26.39056396484375,0.47224539518356323,0.0,0.0,0.0,26.330976486206055,0.08344456553459167,0.9399434328079224,0.14034885168075562,3
192,,,,,0.07388271391391754,0.0,0.9378703832626343,0.0,0.5322452783584595,26.39056396484375,0.13961473107337952,0.13961473107337952,0.8745216131210327,0.5322452783584595,26.39056396484375,0.4722452759742737,0.0,0.0,0.0,26.330976486206055,0.08344456553459167,0.9399434328079224,0.14034885168075562,3
193,,,,,0.07388253509998322,0.0,0.9378697872161865,0.0,0.5322463512420654,26.390562057495117,0.13961471617221832,0.13961471617221832,0.8745214939117432,0.5322463512420654,26.390562057495117,0.47224634885787964,0.0,0.0,0.0,26.330976486206055,0.08344456553459167,0.9399434328079224,0.14034885168075562,3
194,,,,,0.07388274371623993,0.0,0.9378695487976074,0.0,0.5322446823120117,26.390567779541016,0.13961471617221832,0.13961471617221832,0.8745216131210327,0.5322446823120117,26.390567779541016,0.4722446799278259,0.0,0.0,0.0,26.330976486206055,0.08344456553459167,0.9399434328079224,0.14034885168075562,3
195,,,,,0.07388275861740112,0.0,0.9378710389137268,0.0,0.5322445034980774,26.390567779541016,0.13961470127105713,0.13961470127105713,0.8745216131210327,0.5322445034980774,26.390567779541016,0.4722445011138916,0.0,0.0,0.0,26.330976486206055,0.08344456553459167,0.9399434328079224,0.14034885168075562,3
196,,,,,0.07388243079185486,0.0,0.9378709197044373,0.0,0.5322445631027222,26.39056396484375,0.13961470127105713,0.13961470127105713,0.8745214939117432,0.5322445631027222,26.39056396484375,0.4722445607185364,0.0,0.0,0.0,26.330976486206055,0.08344456553459167,0.9399434328079224,0.14034885168075562,3
197,,,,,0.07388240098953247,0.0,0.9378702640533447,0.0,0.5322446823120117,26.39056396484375,0.13961473107337952,0.13961473107337952,0.8745214343070984,0.5322446823120117,26.39056396484375,0.4722446799278259,0.0,0.0,0.0,26.330976486206055,0.08344456553459167,0.9399434328079224,0.14034885168075562,3
198,,,,,0.0738825649023056,0.0,0.9378706216812134,0.0,0.5322455167770386,26.39056396484375,0.13961470127105713,0.13961470127105713,0.8745214343070984,0.5322455167770386,26.39056396484375,0.4722455143928528,0.0,0.0,0.0,26.330976486206055,0.08344456553459167,0.9399434328079224,0.14034885168075562,3
199,,,,,0.07388265430927277,0.0,0.9378700256347656,0.0,0.5322455167770386,26.39056396484375,0.13961473107337952,0.13961473107337952,0.8745214343070984,0.5322455167770386,26.39056396484375,0.4722455143928528,0.0,0.0,0.0,26.330976486206055,0.08344456553459167,0.9399434328079224,0.14034885168075562,3
