fid_acut,fid_pen_acut,fid_chroma,fid_pen_chroma,fid_linf_total,fid_psnr_total,fid_lpips,fid_lpips_rel,fid_ssim,fid_linf,fid_psnr,fid_pen_linf,fid_pen_lpips,fid_pen_psnr,step,align_loss,align_psnr_floor,align_tau_acut,align_tau_chroma,align_tau_lpips,align_best_step
0.08129043877124786,3.203749656677246e-07,1.0915539264678955,0.0,0.5764630436897278,33.82477569580078,0.08508902043104172,0.08508902043104172,0.9611945152282715,0.5764630436897278,33.82477569580078,0.516463041305542,3.725290298461914e-08,0.0,0,3.5762786865234375e-05,33.82477569580078,0.0812901183962822,1.091556429862976,0.08508898317813873,2
0.0783492922782898,0.0,1.1009938716888428,0.0094374418258667,0.5777400732040405,33.82578659057617,0.08508595079183578,0.08508595079183578,0.9611163139343262,0.5777400732040405,33.82578659057617,0.5177400708198547,0.0,0.0,1,0.9437441825866699,33.82477569580078,0.0812901183962822,1.091556429862976,0.08508898317813873,2
0.07744114100933075,0.0,1.087912917137146,0.0,0.5779333710670471,33.82792663574219,0.0850708931684494,0.0850708931684494,0.9611066579818726,0.5779333710670471,33.82792663574219,0.5179333686828613,0.0,0.0,2,0.0,33.82477569580078,0.0812901183962822,1.091556429862976,0.08508898317813873,2
0.07677987962961197,0.0,1.0781804323196411,0.0,0.5780740976333618,33.82926559448242,0.08506101369857788,0.08506101369857788,0.9611000418663025,0.5780740976333618,33.82926559448242,0.518074095249176,0.0,0.0,3,0.0,33.82477569580078,0.0812901183962822,1.091556429862976,0.08508898317813873,2
0.07623139768838882,0.0,1.0704742670059204,0.0,0.5781797170639038,33.830142974853516,0.0850551649928093,0.0850551649928093,0.9610916972160339,0.5781797170639038,33.830142974853516,0.518179714679718,0.0,0.0,4,0.0,33.82477569580078,0.0812901183962822,1.091556429862976,0.08508898317813873,2
0.07604864239692688,0.0,1.064170479774475,0.0,0.5782650709152222,33.830753326416016,0.08505238592624664,0.08505238592624664,0.961086630821228,0.5782650709152222,33.830753326416016,0.5182650685310364,0.0,0.0,5,0.0,33.82477569580078,0.0812901183962822,1.091556429862976,0.08508898317813873,2
0.07589686661958694,0.0,1.0589171648025513,0.0,0.5783458948135376,33.8311767578125,0.08505144715309143,0.08505144715309143,0.9610788822174072,0.5783458948135376,33.8311767578125,0.5183458924293518,0.0,0.0,6,0.0,33.82477569580078,0.0812901183962822,1.091556429862976,0.08508898317813873,2
0.07575567066669464,0.0,1.0544995069503784,0.0,0.57841956615448,33.831478118896484,0.08505196869373322,0.08505196869373322,0.9610732793807983,0.57841956615448,33.831478118896484,0.5184195637702942,0.0,0.0,7,0.0,33.82477569580078,0.0812901183962822,1.091556429862976,0.08508898317813873,2
0.07562137395143509,0.0,1.0507698059082031,0.0,0.578498363494873,33.831687927246094,0.08505339920520782,0.08505339920520782,0.9610673785209656,0.578498363494873,33.831687927246094,0.5184983611106873,0.0,0.0,8,0.0,33.82477569580078,0.0812901183962822,1.091556429862976,0.08508898317813873,2
0.0754878893494606,0.0,1.0476142168045044,0.0,0.5785587430000305,33.83176803588867,0.08505599200725555,0.08505599200725555,0.9610604047775269,0.5785587430000305,33.83176803588867,0.5185587406158447,0.0,0.0,9,0.0,33.82477569580078,0.0812901183962822,1.091556429862976,0.08508898317813873,2
0.07535156607627869,0.0,1.0449631214141846,0.0,0.5786248445510864,33.8316650390625,0.08505953103303909,0.08505953103303909,0.9610528945922852,0.5786248445510864,33.8316650390625,0.5186248421669006,0.0,0.0,10,0.0,33.82477569580078,0.0812901183962822,1.091556429862976,0.08508898317813873,2
0.07521383464336395,0.0,1.042741060256958,0.0,0.5786646604537964,33.831382751464844,0.08506400883197784,0.08506400883197784,0.9610459804534912,0.5786646604537964,33.831382751464844,0.5186646580696106,0.0,0.0,11,0.0,33.82477569580078,0.0812901183962822,1.091556429862976,0.08508898317813873,2
0.07508936524391174,0.0,1.040858268737793,0.0,0.5787104964256287,33.831016540527344,0.08506841957569122,0.08506841957569122,0.9610388278961182,0.5787104964256287,33.831016540527344,0.5187104940414429,0.0,0.0,12,0.0,33.82477569580078,0.0812901183962822,1.091556429862976,0.08508898317813873,2
0.07500298321247101,0.0,1.0392471551895142,0.0,0.5787498354911804,33.83063507080078,0.08507238328456879,0.08507238328456879,0.9610309600830078,0.5787498354911804,33.83063507080078,0.5187498331069946,0.0,0.0,13,0.0,33.82477569580078,0.0812901183962822,1.091556429862976,0.08508898317813873,2
0.07492256164550781,0.0,1.0378844738006592,0.0,0.578784167766571,33.83024597167969,0.08507601916790009,0.08507601916790009,0.9610244631767273,0.578784167766571,33.83024597167969,0.5187841653823853,0.0,0.0,14,0.0,33.82477569580078,0.0812901183962822,1.091556429862976,0.08508898317813873,2
0.07484748959541321,0.0,1.0367496013641357,0.0,0.5787944197654724,33.829837799072266,0.08507941663265228,0.08507941663265228,0.9610189199447632,0.5787944197654724,33.829837799072266,0.5187944173812866,0.0,0.0,15,0.0,33.82477569580078,0.0812901183962822,1.091556429862976,0.08508898317813873,2
0.0747760757803917,0.0,1.0357930660247803,0.0,0.5788111090660095,33.829437255859375,0.0850830227136612,0.0850830227136612,0.961012601852417,0.5788111090660095,33.829437255859375,0.5188111066818237,0.0,0.0,16,0.0,33.82477569580078,0.0812901183962822,1.091556429862976,0.08508898317813873,2
0.07471071183681488,0.0,1.0349793434143066,0.0,0.578811526298523,33.82905197143555,0.08508659154176712,0.08508659154176712,0.961007833480835,0.578811526298523,33.82905197143555,0.5188115239143372,0.0,0.0,17,0.0,33.82477569580078,0.0812901183962822,1.091556429862976,0.08508898317813873,2
0.07466194033622742,0.0,1.0342899560928345,0.0,0.5788144469261169,33.828712463378906,0.08509016036987305,0.08509016036987305,0.9610028266906738,0.5788144469261169,33.828712463378906,0.5188144445419312,1.1771917343139648e-06,0.0,18,0.00011771917343139648,33.82477569580078,0.0812901183962822,1.091556429862976,0.08508898317813873,2
0.07498648017644882,0.0,1.0274672508239746,0.0,0.5789092183113098,33.83461380004883,0.08503547310829163,0.08503547310829163,0.9610490798950195,0.5789092183113098,33.83461380004883,0.518909215927124,0.0,0.0,19,0.0,33.82477569580078,0.0812901183962822,1.091556429862976,0.08508898317813873,2
0.07486976683139801,0.0,1.0260785818099976,0.0,0.5790541768074036,33.83627700805664,0.0850110650062561,0.0850110650062561,0.961052656173706,0.5790541768074036,33.83627700805664,0.5190541744232178,0.0,0.0,20,0.0,33.82477569580078,0.0812901183962822,1.091556429862976,0.08508898317813873,2
0.0746534913778305,0.0,1.0254977941513062,0.0,0.5792539715766907,33.837162017822266,0.08499329537153244,0.08499329537153244,0.9610492587089539,0.5792539715766907,33.837162017822266,0.5192539691925049,0.0,0.0,21,0.0,33.82477569580078,0.0812901183962822,1.091556429862976,0.08508898317813873,2
0.07442891597747803,0.0,1.0251035690307617,0.0,0.5794500112533569,33.83767318725586,0.08497954905033112,0.08497954905033112,0.9610416293144226,0.5794500112533569,33.83767318725586,0.5194500088691711,0.0,0.0,22,0.0,33.82477569580078,0.0812901183962822,1.091556429862976,0.08508898317813873,2
0.07426488399505615,0.0,1.0243375301361084,0.0,0.579593300819397,33.838134765625,0.0849699154496193,0.0849699154496193,0.9610376358032227,0.579593300819397,33.838134765625,0.5195932984352112,0.0,0.0,23,0.0,33.82477569580078,0.0812901183962822,1.091556429862976,0.08508898317813873,2
0.0741574764251709,0.0,1.023249626159668,0.0,0.5796977877616882,33.838584899902344,0.08496090769767761,0.08496090769767761,0.961035966873169,0.5796977877616882,33.838584899902344,0.5196977853775024,0.0,0.0,24,0.0,33.82477569580078,0.0812901183962822,1.091556429862976,0.08508898317813873,2
0.07407230138778687,0.0,1.0221569538116455,0.0,0.579784631729126,33.838951110839844,0.08495362102985382,0.08495362102985382,0.9610328674316406,0.579784631729126,33.838951110839844,0.5197846293449402,0.0,0.0,25,0.0,33.82477569580078,0.0812901183962822,1.091556429862976,0.08508898317813873,2
0.07407894730567932,0.0,1.0211515426635742,0.0,0.5798668265342712,33.83922576904297,0.0849466323852539,0.0849466323852539,0.9610326290130615,0.5798668265342712,33.83922576904297,0.5198668241500854,0.0,0.0,26,0.0,33.82477569580078,0.0812901183962822,1.091556429862976,0.08508898317813873,2
0.07413824647665024,0.0,1.0202507972717285,0.0,0.5799527764320374,33.83942413330078,0.08494123816490173,0.08494123816490173,0.9610308408737183,0.5799527764320374,33.83942413330078,0.5199527740478516,0.0,0.0,27,0.0,33.82477569580078,0.0812901183962822,1.091556429862976,0.08508898317813873,2
0.07418932020664215,0.0,1.0194377899169922,0.0,0.5800148844718933,33.83956527709961,0.08493711054325104,0.08493711054325104,0.9610297083854675,0.5800148844718933,33.83956527709961,0.5200148820877075,0.0,0.0,28,0.0,33.82477569580078,0.0812901183962822,1.091556429862976,0.08508898317813873,2
0.07423233985900879,0.0,1.0187044143676758,0.0,0.5800859928131104,33.83967590332031,0.08493325859308243,0.08493325859308243,0.9610292315483093,0.5800859928131104,33.83967590332031,0.5200859904289246,0.0,0.0,29,0.0,33.82477569580078,0.0812901183962822,1.091556429862976,0.08508898317813873,2
0.07427038252353668,0.0,1.0180418491363525,0.0,0.5801437497138977,33.839752197265625,0.08492998778820038,0.08492998778820038,0.9610284566879272,0.5801437497138977,33.839752197265625,0.5201437473297119,0.0,0.0,30,0.0,33.82477569580078,0.0812901183962822,1.091556429862976,0.08508898317813873,2
0.0743037611246109,0.0,1.017446517944336,0.0,0.5802053213119507,33.83980941772461,0.08492753654718399,0.08492753654718399,0.9610271453857422,0.5802053213119507,33.83980941772461,0.5202053189277649,0.0,0.0,31,0.0,33.82477569580078,0.0812901183962822,1.091556429862976,0.08508898317813873,2
0.07433193922042847,0.0,1.01690673828125,0.0,0.5802476406097412,33.83984375,0.08492489159107208,0.08492489159107208,0.9610251188278198,0.5802476406097412,33.83984375,0.5202476382255554,0.0,0.0,32,0.0,33.82477569580078,0.0812901183962822,1.091556429862976,0.08508898317813873,2
0.07435717433691025,0.0,1.0164185762405396,0.0,0.5803012847900391,33.83985900878906,0.0849226713180542,0.0849226713180542,0.9610247611999512,0.5803012847900391,33.83985900878906,0.5203012824058533,0.0,0.0,33,0.0,33.82477569580078,0.0812901183962822,1.091556429862976,0.08508898317813873,2
0.07437902688980103,0.0,1.0159754753112793,0.0,0.5803411602973938,33.839866638183594,0.08492068946361542,0.08492068946361542,0.961023211479187,0.5803411602973938,33.839866638183594,0.520341157913208,0.0,0.0,34,0.0,33.82477569580078,0.0812901183962822,1.091556429862976,0.08508898317813873,2
0.07439859211444855,0.0,1.0155798196792603,0.0,0.5803768634796143,33.839866638183594,0.08491864800453186,0.08491864800453186,0.9610227942466736,0.5803768634796143,33.839866638183594,0.5203768610954285,0.0,0.0,35,0.0,33.82477569580078,0.0812901183962822,1.091556429862976,0.08508898317813873,2
0.07441507279872894,0.0,1.0152225494384766,0.0,0.5804130434989929,33.83986282348633,0.08491695672273636,0.08491695672273636,0.961021363735199,0.5804130434989929,33.83986282348633,0.5204130411148071,0.0,0.0,36,0.0,33.82477569580078,0.0812901183962822,1.091556429862976,0.08508898317813873,2
0.07442924380302429,0.0,1.0148956775665283,0.0,0.5804468393325806,33.839847564697266,0.08491566777229309,0.08491566777229309,0.9610205888748169,0.5804468393325806,33.839847564697266,0.5204468369483948,0.0,0.0,37,0.0,33.82477569580078,0.0812901183962822,1.091556429862976,0.08508898317813873,2
0.07444145530462265,0.0,1.014601707458496,0.0,0.580481767654419,33.8398323059082,0.08491464704275131,0.08491464704275131,0.9610196352005005,0.580481767654419,33.8398323059082,0.5204817652702332,0.0,0.0,38,0.0,33.82477569580078,0.0812901183962822,1.091556429862976,0.08508898317813873,2
0.07445240765810013,0.0,1.0143399238586426,0.0,0.5805078148841858,33.839813232421875,0.08491367101669312,0.08491367101669312,0.9610190391540527,0.5805078148841858,33.839813232421875,0.5205078125,0.0,0.0,39,0.0,33.82477569580078,0.0812901183962822,1.091556429862976,0.08508898317813873,2
0.07446248829364777,0.0,1.0140985250473022,0.0,0.5805308222770691,33.83979415893555,0.08491289615631104,0.08491289615631104,0.9610196948051453,0.5805308222770691,33.83979415893555,0.5205308198928833,0.0,0.0,40,0.0,33.82477569580078,0.0812901183962822,1.091556429862976,0.08508898317813873,2
0.07447157800197601,0.0,1.013883352279663,0.0,0.5805580019950867,33.839778900146484,0.08491214364767075,0.08491214364767075,0.9610185027122498,0.5805580019950867,33.839778900146484,0.5205579996109009,0.0,0.0,41,0.0,33.82477569580078,0.0812901183962822,1.091556429862976,0.08508898317813873,2
0.07447897642850876,0.0,1.0136876106262207,0.0,0.5805776119232178,33.83976364135742,0.08491133153438568,0.08491133153438568,0.961018443107605,0.5805776119232178,33.83976364135742,0.520577609539032,0.0,0.0,42,0.0,33.82477569580078,0.0812901183962822,1.091556429862976,0.08508898317813873,2
0.07448670268058777,0.0,1.0135080814361572,0.0,0.5805924534797668,33.83973693847656,0.08491063117980957,0.08491063117980957,0.961016833782196,0.5805924534797668,33.83973693847656,0.520592451095581,0.0,0.0,43,0.0,33.82477569580078,0.0812901183962822,1.091556429862976,0.08508898317813873,2
0.0744917169213295,0.0,1.0133501291275024,0.0,0.5806154012680054,33.839725494384766,0.08491009473800659,0.08491009473800659,0.9610164165496826,0.5806154012680054,33.839725494384766,0.5206153988838196,0.0,0.0,44,0.0,33.82477569580078,0.0812901183962822,1.091556429862976,0.08508898317813873,2
0.07449816167354584,0.0,1.0132012367248535,0.0,0.5806257128715515,33.83970642089844,0.08490946143865585,0.08490946143865585,0.9610161185264587,0.5806257128715515,33.83970642089844,0.5206257104873657,0.0,0.0,45,0.0,33.82477569580078,0.0812901183962822,1.091556429862976,0.08508898317813873,2
0.0745028480887413,0.0,1.0130707025527954,0.0,0.580642819404602,33.83968734741211,0.08490896224975586,0.08490896224975586,0.9610165357589722,0.580642819404602,33.83968734741211,0.5206428170204163,0.0,0.0,46,0.0,33.82477569580078,0.0812901183962822,1.091556429862976,0.08508898317813873,2
0.07450713217258453,0.0,1.0129494667053223,0.0,0.5806536674499512,33.83966827392578,0.08490850031375885,0.08490850031375885,0.9610156416893005,0.5806536674499512,33.83966827392578,0.5206536650657654,0.0,0.0,47,0.0,33.82477569580078,0.0812901183962822,1.091556429862976,0.08508898317813873,2
0.0745113417506218,0.0,1.0128428936004639,0.0,0.5806660056114197,33.83965301513672,0.0849081426858902,0.0849081426858902,0.9610146284103394,0.5806660056114197,33.83965301513672,0.5206660032272339,0.0,0.0,48,0.0,33.82477569580078,0.0812901183962822,1.091556429862976,0.08508898317813873,2
0.07451409101486206,0.0,1.0127441883087158,0.0,0.5806794166564941,33.83964157104492,0.08490782976150513,0.08490782976150513,0.9610142707824707,0.5806794166564941,33.83964157104492,0.5206794142723083,0.0,0.0,49,0.0,33.82477569580078,0.0812901183962822,1.091556429862976,0.08508898317813873,2
0.07451769709587097,0.0,1.0126551389694214,0.0,0.5806865692138672,33.83962631225586,0.08490762114524841,0.08490762114524841,0.961014449596405,0.5806865692138672,33.83962631225586,0.5206865668296814,0.0,0.0,50,0.0,33.82477569580078,0.0812901183962822,1.091556429862976,0.08508898317813873,2
0.07452021539211273,0.0,1.0125716924667358,0.0,0.5807045102119446,33.8396110534668,0.08490723371505737,0.08490723371505737,0.9610137343406677,0.5807045102119446,33.8396110534668,0.5207045078277588,0.0,0.0,51,0.0,33.82477569580078,0.0812901183962822,1.091556429862976,0.08508898317813873,2
0.07452354580163956,0.0,1.012502908706665,0.0,0.5807095766067505,33.839603424072266,0.08490698784589767,0.08490698784589767,0.961013913154602,0.5807095766067505,33.839603424072266,0.5207095742225647,0.0,0.0,52,0.0,33.82477569580078,0.0812901183962822,1.091556429862976,0.08508898317813873,2
0.07452558726072311,0.0,1.012434720993042,0.0,0.580714225769043,33.83959197998047,0.08490671217441559,0.08490671217441559,0.9610140323638916,0.580714225769043,33.83959197998047,0.5207142233848572,0.0,0.0,53,0.0,33.82477569580078,0.0812901183962822,1.091556429862976,0.08508898317813873,2
0.07452744990587234,0.0,1.0123748779296875,0.0,0.5807252526283264,33.839576721191406,0.08490648120641708,0.08490648120641708,0.961013674736023,0.5807252526283264,33.839576721191406,0.5207252502441406,0.0,0.0,54,0.0,33.82477569580078,0.0812901183962822,1.091556429862976,0.08508898317813873,2
0.07452918589115143,0.0,1.0123199224472046,0.0,0.5807303190231323,33.83956527709961,0.08490638434886932,0.08490638434886932,0.9610130190849304,0.5807303190231323,33.83956527709961,0.5207303166389465,0.0,0.0,55,0.0,33.82477569580078,0.0812901183962822,1.091556429862976,0.08508898317813873,2
0.07453140616416931,0.0,1.0122723579406738,0.0,0.5807332396507263,33.83956527709961,0.0849061831831932,0.0849061831831932,0.9610127210617065,0.5807332396507263,33.83956527709961,0.5207332372665405,0.0,0.0,56,0.0,33.82477569580078,0.0812901183962822,1.091556429862976,0.08508898317813873,2
0.07453382015228271,0.0,1.01222562789917,0.0,0.5807329416275024,33.83955383300781,0.08490606397390366,0.08490606397390366,0.961012065410614,0.5807329416275024,33.83955383300781,0.5207329392433167,0.0,0.0,57,0.0,33.82477569580078,0.0812901183962822,1.091556429862976,0.08508898317813873,2
0.07453428208827972,0.0,1.0121855735778809,0.0,0.580737292766571,33.83954620361328,0.08490593731403351,0.08490593731403351,0.9610123038291931,0.580737292766571,33.83954620361328,0.5207372903823853,0.0,0.0,58,0.0,33.82477569580078,0.0812901183962822,1.091556429862976,0.08508898317813873,2
0.07453615963459015,0.0,1.0121474266052246,0.0,0.5807393193244934,33.839534759521484,0.08490575850009918,0.08490575850009918,0.9610127210617065,0.5807393193244934,33.839534759521484,0.5207393169403076,0.0,0.0,59,0.0,33.82477569580078,0.0812901183962822,1.091556429862976,0.08508898317813873,2
0.07453729212284088,0.0,1.0121159553527832,0.0,0.5807445049285889,33.83953094482422,0.08490578830242157,0.08490578830242157,0.9610125422477722,0.5807445049285889,33.83953094482422,0.5207445025444031,0.0,0.0,60,0.0,33.82477569580078,0.0812901183962822,1.091556429862976,0.08508898317813873,2
0.07453830540180206,0.0,1.012084722518921,0.0,0.5807525515556335,33.83952713012695,0.08490563184022903,0.08490563184022903,0.9610118865966797,0.5807525515556335,33.83952713012695,0.5207525491714478,0.0,0.0,61,0.0,33.82477569580078,0.0812901183962822,1.091556429862976,0.08508898317813873,2
0.07453978061676025,0.0,1.0120551586151123,0.0,0.5807529091835022,33.839515686035156,0.08490554988384247,0.08490554988384247,0.961012065410614,0.5807529091835022,33.839515686035156,0.5207529067993164,0.0,0.0,62,0.0,33.82477569580078,0.0812901183962822,1.091556429862976,0.08508898317813873,2
0.07453948259353638,0.0,1.0120325088500977,0.0,0.5807572603225708,33.839515686035156,0.08490543067455292,0.08490543067455292,0.9610123038291931,0.5807572603225708,33.839515686035156,0.520757257938385,0.0,0.0,63,0.0,33.82477569580078,0.0812901183962822,1.091556429862976,0.08508898317813873,2
0.07454051077365875,0.0,1.0120091438293457,0.0,0.5807584524154663,33.839515686035156,0.08490537106990814,0.08490537106990814,0.9610122442245483,0.5807584524154663,33.839515686035156,0.5207584500312805,0.0,0.0,64,0.0,33.82477569580078,0.0812901183962822,1.091556429862976,0.08508898317813873,2
0.07454140484333038,0.0,1.0119889974594116,0.0,0.5807619094848633,33.839508056640625,0.08490535616874695,0.08490535616874695,0.961012065410614,0.5807619094848633,33.839508056640625,0.5207619071006775,0.0,0.0,65,0.0,33.82477569580078,0.0812901183962822,1.091556429862976,0.08508898317813873,2
0.07454178482294083,0.0,1.0119708776474,0.0,0.580765426158905,33.839500427246094,0.0849052295088768,0.0849052295088768,0.9610117673873901,0.580765426158905,33.839500427246094,0.5207654237747192,0.0,0.0,66,0.0,33.82477569580078,0.0812901183962822,1.091556429862976,0.08508898317813873,2
0.07454302161931992,0.0,1.0119537115097046,0.0,0.5807645320892334,33.83950424194336,0.08490514755249023,0.08490514755249023,0.9610120058059692,0.5807645320892334,33.83950424194336,0.5207645297050476,0.0,0.0,67,0.0,33.82477569580078,0.0812901183962822,1.091556429862976,0.08508898317813873,2
0.07454350590705872,0.0,1.0119402408599854,0.0,0.5807674527168274,33.839500427246094,0.08490517735481262,0.08490517735481262,0.961012065410614,0.5807674527168274,33.839500427246094,0.5207674503326416,0.0,0.0,68,0.0,33.82477569580078,0.0812901183962822,1.091556429862976,0.08508898317813873,2
0.07454349845647812,0.0,1.011924386024475,0.0,0.5807676911354065,33.839500427246094,0.08490508794784546,0.08490508794784546,0.961012601852417,0.5807676911354065,33.839500427246094,0.5207676887512207,0.0,0.0,69,0.0,33.82477569580078,0.0812901183962822,1.091556429862976,0.08508898317813873,2
0.0745442807674408,0.0,1.0119130611419678,0.0,0.5807743668556213,33.83949279785156,0.0849049985408783,0.0849049985408783,0.961012065410614,0.5807743668556213,33.83949279785156,0.5207743644714355,0.0,0.0,70,0.0,33.82477569580078,0.0812901183962822,1.091556429862976,0.08508898317813873,2
0.07454442977905273,0.0,1.011899709701538,0.0,0.580768883228302,33.83949279785156,0.08490494638681412,0.08490494638681412,0.9610118865966797,0.580768883228302,33.83949279785156,0.5207688808441162,0.0,0.0,71,0.0,33.82477569580078,0.0812901183962822,1.091556429862976,0.08508898317813873,2
0.07454438507556915,0.0,1.0118904113769531,0.0,0.5807692408561707,33.83948516845703,0.0849049836397171,0.0849049836397171,0.9610114097595215,0.5807692408561707,33.83948516845703,0.5207692384719849,0.0,0.0,72,0.0,33.82477569580078,0.0812901183962822,1.091556429862976,0.08508898317813873,2
0.07454460114240646,0.0,1.0118811130523682,0.0,0.5807726383209229,33.83948516845703,0.08490484952926636,0.08490484952926636,0.9610114097595215,0.5807726383209229,33.83948516845703,0.5207726359367371,0.0,0.0,73,0.0,33.82477569580078,0.0812901183962822,1.091556429862976,0.08508898317813873,2
0.07454466819763184,0.0,1.0118738412857056,0.0,0.5807734131813049,33.83948516845703,0.08490481227636337,0.08490481227636337,0.9610115885734558,0.5807734131813049,33.83948516845703,0.5207734107971191,0.0,0.0,74,0.0,33.82477569580078,0.0812901183962822,1.091556429862976,0.08508898317813873,2
0.07454470545053482,0.0,1.0118664503097534,0.0,0.5807704329490662,33.83948516845703,0.08490489423274994,0.08490489423274994,0.9610115885734558,0.5807704329490662,33.83948516845703,0.5207704305648804,0.0,0.0,75,0.0,33.82477569580078,0.0812901183962822,1.091556429862976,0.08508898317813873,2
0.074544757604599,0.0,1.0118565559387207,0.0,0.5807695984840393,33.839481353759766,0.08490486443042755,0.08490486443042755,0.9610115885734558,0.5807695984840393,33.839481353759766,0.5207695960998535,0.0,0.0,76,0.0,33.82477569580078,0.0812901183962822,1.091556429862976,0.08508898317813873,2
0.07454545795917511,0.0,1.0118507146835327,0.0,0.5807717442512512,33.839481353759766,0.08490478247404099,0.08490478247404099,0.9610112905502319,0.5807717442512512,33.839481353759766,0.5207717418670654,0.0,0.0,77,0.0,33.82477569580078,0.0812901183962822,1.091556429862976,0.08508898317813873,2
0.07454609125852585,0.0,1.0118415355682373,0.0,0.5807743072509766,33.8394775390625,0.084904745221138,0.084904745221138,0.9610109329223633,0.5807743072509766,33.8394775390625,0.5207743048667908,0.0,0.0,78,0.0,33.82477569580078,0.0812901183962822,1.091556429862976,0.08508898317813873,2
0.07454557716846466,0.0,1.0118426084518433,0.0,0.5807746648788452,33.8394775390625,0.08490470051765442,0.08490470051765442,0.9610118865966797,0.5807746648788452,33.8394775390625,0.5207746624946594,0.0,0.0,79,0.0,33.82477569580078,0.0812901183962822,1.091556429862976,0.08508898317813873,2
0.07454623281955719,0.0,1.011836290359497,0.0,0.5807765126228333,33.839481353759766,0.08490470051765442,0.08490470051765442,0.9610112905502319,0.5807765126228333,33.839481353759766,0.5207765102386475,0.0,0.0,80,0.0,33.82477569580078,0.0812901183962822,1.091556429862976,0.08508898317813873,2
0.07454593479633331,0.0,1.011832356452942,0.0,0.5807757377624512,33.839473724365234,0.084904745221138,0.084904745221138,0.961011528968811,0.5807757377624512,33.839473724365234,0.5207757353782654,0.0,0.0,81,0.0,33.82477569580078,0.0812901183962822,1.091556429862976,0.08508898317813873,2
0.07454625517129898,0.0,1.011828064918518,0.0,0.5807800889015198,33.8394775390625,0.08490469306707382,0.08490469306707382,0.9610114097595215,0.5807800889015198,33.8394775390625,0.520780086517334,0.0,0.0,82,0.0,33.82477569580078,0.0812901183962822,1.091556429862976,0.08508898317813873,2
0.07454633712768555,0.0,1.0118253231048584,0.0,0.5807767510414124,33.839481353759766,0.08490471541881561,0.08490471541881561,0.9610116481781006,0.5807767510414124,33.839481353759766,0.5207767486572266,0.0,0.0,83,0.0,33.82477569580078,0.0812901183962822,1.091556429862976,0.08508898317813873,2
0.07454654574394226,0.0,1.0118212699890137,0.0,0.5807778835296631,33.839473724365234,0.08490471541881561,0.08490471541881561,0.9610118865966797,0.5807778835296631,33.839473724365234,0.5207778811454773,0.0,0.0,84,0.0,33.82477569580078,0.0812901183962822,1.091556429862976,0.08508898317813873,2
0.07454656064510345,0.0,1.0118167400360107,0.0,0.5807821154594421,33.8394775390625,0.08490467071533203,0.08490467071533203,0.9610115885734558,0.5807821154594421,33.8394775390625,0.5207821130752563,0.0,0.0,85,0.0,33.82477569580078,0.0812901183962822,1.091556429862976,0.08508898317813873,2
0.07454711943864822,0.0,1.011816382408142,0.0,0.5807805061340332,33.839473724365234,0.08490464091300964,0.08490464091300964,0.9610118269920349,0.5807805061340332,33.839473724365234,0.5207805037498474,0.0,0.0,86,0.0,33.82477569580078,0.0812901183962822,1.091556429862976,0.08508898317813873,2
0.0745471864938736,0.0,1.0118145942687988,0.0,0.5807784795761108,33.839473724365234,0.08490465581417084,0.08490465581417084,0.9610120058059692,0.5807784795761108,33.839473724365234,0.520778477191925,0.0,0.0,87,0.0,33.82477569580078,0.0812901183962822,1.091556429862976,0.08508898317813873,2
0.07454708963632584,0.0,1.011810541152954,0.0,0.580776035785675,33.83946990966797,0.08490467071533203,0.08490467071533203,0.9610115885734558,0.580776035785675,33.83946990966797,0.5207760334014893,0.0,0.0,88,0.0,33.82477569580078,0.0812901183962822,1.091556429862976,0.08508898317813873,2
0.07454736530780792,0.0,1.0118098258972168,0.0,0.5807802081108093,33.83946990966797,0.08490468561649323,0.08490468561649323,0.9610116481781006,0.5807802081108093,33.83946990966797,0.5207802057266235,0.0,0.0,89,0.0,33.82477569580078,0.0812901183962822,1.091556429862976,0.08508898317813873,2
0.07454729080200195,0.0,1.011810302734375,0.0,0.5807786583900452,33.8394775390625,0.08490463346242905,0.08490463346242905,0.9610112905502319,0.5807786583900452,33.8394775390625,0.5207786560058594,0.0,0.0,90,0.0,33.82477569580078,0.0812901183962822,1.091556429862976,0.08508898317813873,2
0.07454705238342285,0.0,1.0118076801300049,0.0,0.5807783007621765,33.839473724365234,0.08490467071533203,0.08490467071533203,0.9610117673873901,0.5807783007621765,33.839473724365234,0.5207782983779907,0.0,0.0,91,0.0,33.82477569580078,0.0812901183962822,1.091556429862976,0.08508898317813873,2
0.07454749941825867,0.0,1.011805772781372,0.0,0.5807806253433228,33.839473724365234,0.08490465581417084,0.08490465581417084,0.961011528968811,0.5807806253433228,33.839473724365234,0.520780622959137,0.0,0.0,92,0.0,33.82477569580078,0.0812901183962822,1.091556429862976,0.08508898317813873,2
0.07454711943864822,0.0,1.0118054151535034,0.0,0.5807834267616272,33.83946990966797,0.08490471541881561,0.08490471541881561,0.9610118269920349,0.5807834267616272,33.83946990966797,0.5207834243774414,0.0,0.0,93,0.0,33.82477569580078,0.0812901183962822,1.091556429862976,0.08508898317813873,2
0.07454805076122284,0.0,1.0118043422698975,0.0,0.5807833075523376,33.83946990966797,0.08490463346242905,0.08490463346242905,0.9610115885734558,0.5807833075523376,33.83946990966797,0.5207833051681519,0.0,0.0,94,0.0,33.82477569580078,0.0812901183962822,1.091556429862976,0.08508898317813873,2
0.07454833388328552,0.0,1.0118017196655273,0.0,0.5807836651802063,33.83946990966797,0.08490470051765442,0.08490470051765442,0.9610117673873901,0.5807836651802063,33.83946990966797,0.5207836627960205,0.0,0.0,95,0.0,33.82477569580078,0.0812901183962822,1.091556429862976,0.08508898317813873,2
0.07454785704612732,0.0,1.0118012428283691,0.0,0.5807804465293884,33.83946990966797,0.08490465581417084,0.08490465581417084,0.9610114097595215,0.5807804465293884,33.83946990966797,0.5207804441452026,0.0,0.0,96,0.0,33.82477569580078,0.0812901183962822,1.091556429862976,0.08508898317813873,2
0.07454758882522583,0.0,1.0118002891540527,0.0,0.5807805061340332,33.83946990966797,0.08490461111068726,0.08490461111068726,0.9610113501548767,0.5807805061340332,33.83946990966797,0.5207805037498474,0.0,0.0,97,0.0,33.82477569580078,0.0812901183962822,1.091556429862976,0.08508898317813873,2
0.07454781234264374,0.0,1.011802315711975,0.0,0.5807812213897705,33.83946990966797,0.08490470051765442,0.08490470051765442,0.9610116481781006,0.5807812213897705,33.83946990966797,0.5207812190055847,0.0,0.0,98,0.0,33.82477569580078,0.0812901183962822,1.091556429862976,0.08508898317813873,2
0.07454775273799896,0.0,1.0117998123168945,0.0,0.5807823538780212,33.83946990966797,0.08490460366010666,0.08490460366010666,0.961011528968811,0.5807823538780212,33.83946990966797,0.5207823514938354,0.0,0.0,99,0.0,33.82477569580078,0.0812901183962822,1.091556429862976,0.08508898317813873,2
0.07454820722341537,0.0,1.0117985010147095,0.0,0.5807836651802063,33.83946990966797,0.08490458875894547,0.08490458875894547,0.9610117673873901,0.5807836651802063,33.83946990966797,0.5207836627960205,0.0,0.0,100,0.0,33.82477569580078,0.0812901183962822,1.091556429862976,0.08508898317813873,2
0.0745478942990303,0.0,1.0117976665496826,0.0,0.5807812213897705,33.83946990966797,0.08490458130836487,0.08490458130836487,0.9610117673873901,0.5807812213897705,33.83946990966797,0.5207812190055847,0.0,0.0,101,0.0,33.82477569580078,0.0812901183962822,1.091556429862976,0.08508898317813873,2
0.07454825192689896,0.0,1.0117987394332886,0.0,0.5807819962501526,33.83946990966797,0.08490459620952606,0.08490459620952606,0.961011528968811,0.5807819962501526,33.83946990966797,0.5207819938659668,0.0,0.0,102,0.0,33.82477569580078,0.0812901183962822,1.091556429862976,0.08508898317813873,2
0.07454773038625717,0.0,1.0117956399917603,0.0,0.5807838439941406,33.83946990966797,0.08490461111068726,0.08490461111068726,0.9610118865966797,0.5807838439941406,33.83946990966797,0.5207838416099548,0.0,0.0,103,0.0,33.82477569580078,0.0812901183962822,1.091556429862976,0.08508898317813873,2
0.07454778999090195,0.0,1.011798620223999,0.0,0.5807877779006958,33.8394660949707,0.08490461111068726,0.08490461111068726,0.9610118269920349,0.5807877779006958,33.8394660949707,0.52078777551651,0.0,0.0,104,0.0,33.82477569580078,0.0812901183962822,1.091556429862976,0.08508898317813873,2
0.07454805076122284,0.0,1.0117955207824707,0.0,0.5807791948318481,33.83946990966797,0.08490461856126785,0.08490461856126785,0.961011528968811,0.5807791948318481,33.83946990966797,0.5207791924476624,0.0,0.0,105,0.0,33.82477569580078,0.0812901183962822,1.091556429862976,0.08508898317813873,2
0.0745476484298706,0.0,1.011796236038208,0.0,0.5807822346687317,33.83946990966797,0.08490462601184845,0.08490462601184845,0.9610118865966797,0.5807822346687317,33.83946990966797,0.5207822322845459,0.0,0.0,106,0.0,33.82477569580078,0.0812901183962822,1.091556429862976,0.08508898317813873,2
0.07454796135425568,0.0,1.011795997619629,0.0,0.5807828307151794,33.83946990966797,0.08490463346242905,0.08490463346242905,0.9610117673873901,0.5807828307151794,33.83946990966797,0.5207828283309937,0.0,0.0,107,0.0,33.82477569580078,0.0812901183962822,1.091556429862976,0.08508898317813873,2
0.07454823702573776,0.0,1.0117945671081543,0.0,0.5807809829711914,33.83946990966797,0.08490461856126785,0.08490461856126785,0.9610118865966797,0.5807809829711914,33.83946990966797,0.5207809805870056,0.0,0.0,108,0.0,33.82477569580078,0.0812901183962822,1.091556429862976,0.08508898317813873,2
0.07454807311296463,0.0,1.0117948055267334,0.0,0.5807818174362183,33.8394660949707,0.08490461111068726,0.08490461111068726,0.9610113501548767,0.5807818174362183,33.8394660949707,0.5207818150520325,0.0,0.0,109,0.0,33.82477569580078,0.0812901183962822,1.091556429862976,0.08508898317813873,2
0.07454778254032135,0.0,1.0117952823638916,0.0,0.580782949924469,33.83946990966797,0.08490461856126785,0.08490461856126785,0.9610118269920349,0.580782949924469,33.83946990966797,0.5207829475402832,0.0,0.0,110,0.0,33.82477569580078,0.0812901183962822,1.091556429862976,0.08508898317813873,2
0.07454737275838852,0.0,1.011796474456787,0.0,0.5807816982269287,33.83946990966797,0.08490463346242905,0.08490463346242905,0.9610117673873901,0.5807816982269287,33.83946990966797,0.5207816958427429,0.0,0.0,111,0.0,33.82477569580078,0.0812901183962822,1.091556429862976,0.08508898317813873,2
0.07454743981361389,0.0,1.011795997619629,0.0,0.5807844996452332,33.83946990966797,0.08490461111068726,0.08490461111068726,0.9610118865966797,0.5807844996452332,33.83946990966797,0.5207844972610474,0.0,0.0,112,0.0,33.82477569580078,0.0812901183962822,1.091556429862976,0.08508898317813873,2
0.07454793155193329,0.0,1.011794090270996,0.0,0.5807837843894958,33.83946990966797,0.08490459620952606,0.08490459620952606,0.9610118269920349,0.5807837843894958,33.83946990966797,0.5207837820053101,0.0,0.0,113,0.0,33.82477569580078,0.0812901183962822,1.091556429862976,0.08508898317813873,2
0.07454757392406464,0.0,1.0117931365966797,0.0,0.5807807445526123,33.83946990966797,0.08490462601184845,0.08490462601184845,0.9610115885734558,0.5807807445526123,33.83946990966797,0.5207807421684265,0.0,0.0,114,0.0,33.82477569580078,0.0812901183962822,1.091556429862976,0.08508898317813873,2
0.07454770058393478,0.0,1.0117926597595215,0.0,0.5807812213897705,33.83946990966797,0.08490462601184845,0.08490462601184845,0.9610117673873901,0.5807812213897705,33.83946990966797,0.5207812190055847,0.0,0.0,115,0.0,33.82477569580078,0.0812901183962822,1.091556429862976,0.08508898317813873,2
0.07454796135425568,0.0,1.0117937326431274,0.0,0.580784261226654,33.8394660949707,0.08490461856126785,0.08490461856126785,0.9610118269920349,0.580784261226654,33.8394660949707,0.5207842588424683,0.0,0.0,116,0.0,33.82477569580078,0.0812901183962822,1.091556429862976,0.08508898317813873,2
0.0745478942990303,0.0,1.0117952823638916,0.0,0.5807854533195496,33.83946990966797,0.08490459620952606,0.08490459620952606,0.9610114097595215,0.5807854533195496,33.83946990966797,0.5207854509353638,0.0,0.0,117,0.0,33.82477569580078,0.0812901183962822,1.091556429862976,0.08508898317813873,2
0.07454734295606613,0.0,1.0117921829223633,0.0,0.5807831883430481,33.83946990966797,0.08490466326475143,0.08490466326475143,0.961011528968811,0.5807831883430481,33.83946990966797,0.5207831859588623,0.0,0.0,118,0.0,33.82477569580078,0.0812901183962822,1.091556429862976,0.08508898317813873,2
0.0745481327176094,0.0,1.011793613433838,0.0,0.5807834267616272,33.83946990966797,0.08490463346242905,0.08490463346242905,0.9610114097595215,0.5807834267616272,33.83946990966797,0.5207834243774414,0.0,0.0,119,0.0,33.82477569580078,0.0812901183962822,1.091556429862976,0.08508898317813873,2
0.07454769313335419,0.0,1.011792778968811,0.0,0.5807825326919556,33.83946990966797,0.08490465581417084,0.08490465581417084,0.9610116481781006,0.5807825326919556,33.83946990966797,0.5207825303077698,0.0,0.0,120,0.0,33.82477569580078,0.0812901183962822,1.091556429862976,0.08508898317813873,2
0.07454781234264374,0.0,1.011793851852417,0.0,0.5807813405990601,33.8394660949707,0.08490456640720367,0.08490456640720367,0.9610115885734558,0.5807813405990601,33.8394660949707,0.5207813382148743,0.0,0.0,121,0.0,33.82477569580078,0.0812901183962822,1.091556429862976,0.08508898317813873,2
0.07454808056354523,0.0,1.0117952823638916,0.0,0.5807784795761108,33.83946990966797,0.08490456640720367,0.08490456640720367,0.9610116481781006,0.5807784795761108,33.83946990966797,0.520778477191925,0.0,0.0,122,0.0,33.82477569580078,0.0812901183962822,1.091556429862976,0.08508898317813873,2
0.07454802095890045,0.0,1.0117934942245483,0.0,0.5807822942733765,33.83946990966797,0.08490460366010666,0.08490460366010666,0.9610121250152588,0.5807822942733765,33.83946990966797,0.5207822918891907,0.0,0.0,123,0.0,33.82477569580078,0.0812901183962822,1.091556429862976,0.08508898317813873,2
0.0745478942990303,0.0,1.011793851852417,0.0,0.5807801485061646,33.83946990966797,0.08490458875894547,0.08490458875894547,0.9610115885734558,0.5807801485061646,33.83946990966797,0.5207801461219788,0.0,0.0,124,0.0,33.82477569580078,0.0812901183962822,1.091556429862976,0.08508898317813873,2
0.07454772293567657,0.0,1.0117937326431274,0.0,0.580782949924469,33.83946990966797,0.08490460366010666,0.08490460366010666,0.9610114097595215,0.580782949924469,33.83946990966797,0.5207829475402832,0.0,0.0,125,0.0,33.82477569580078,0.0812901183962822,1.091556429862976,0.08508898317813873,2
0.07454805076122284,0.0,1.0117958784103394,0.0,0.5807827711105347,33.83946990966797,0.08490461111068726,0.08490461111068726,0.9610118865966797,0.5807827711105347,33.83946990966797,0.5207827687263489,0.0,0.0,126,0.0,33.82477569580078,0.0812901183962822,1.091556429862976,0.08508898317813873,2
0.07454760372638702,0.0,1.011794090270996,0.0,0.5807803273200989,33.83946990966797,0.08490458130836487,0.08490458130836487,0.9610115885734558,0.5807803273200989,33.83946990966797,0.5207803249359131,0.0,0.0,127,0.0,33.82477569580078,0.0812901183962822,1.091556429862976,0.08508898317813873,2
0.07454757392406464,0.0,1.0117934942245483,0.0,0.580783486366272,33.83946990966797,0.08490462601184845,0.08490462601184845,0.9610118269920349,0.580783486366272,33.83946990966797,0.5207834839820862,0.0,0.0,128,0.0,33.82477569580078,0.0812901183962822,1.091556429862976,0.08508898317813873,2
0.07454773783683777,0.0,1.011794090270996,0.0,0.5807818174362183,33.83946990966797,0.08490461111068726,0.08490461111068726,0.9610118865966797,0.5807818174362183,33.83946990966797,0.5207818150520325,0.0,0.0,129,0.0,33.82477569580078,0.0812901183962822,1.091556429862976,0.08508898317813873,2
0.0745481550693512,0.0,1.0117930173873901,0.0,0.5807791948318481,33.83946990966797,0.08490463346242905,0.08490463346242905,0.9610117673873901,0.5807791948318481,33.83946990966797,0.5207791924476624,0.0,0.0,130,0.0,33.82477569580078,0.0812901183962822,1.091556429862976,0.08508898317813873,2
0.0745479166507721,0.0,1.011792540550232,0.0,0.5807830691337585,33.83946990966797,0.08490461856126785,0.08490461856126785,0.961012065410614,0.5807830691337585,33.83946990966797,0.5207830667495728,0.0,0.0,131,0.0,33.82477569580078,0.0812901183962822,1.091556429862976,0.08508898317813873,2
0.0745476484298706,0.0,1.011794090270996,0.0,0.5807827711105347,33.83946990966797,0.08490465581417084,0.08490465581417084,0.9610114097595215,0.5807827711105347,33.83946990966797,0.5207827687263489,0.0,0.0,132,0.0,33.82477569580078,0.0812901183962822,1.091556429862976,0.08508898317813873,2
0.07454798370599747,0.0,1.0117955207824707,0.0,0.5807806849479675,33.83946990966797,0.08490457385778427,0.08490457385778427,0.9610115885734558,0.5807806849479675,33.83946990966797,0.5207806825637817,0.0,0.0,133,0.0,33.82477569580078,0.0812901183962822,1.091556429862976,0.08508898317813873,2
0.07454780489206314,0.0,1.0117957592010498,0.0,0.5807847380638123,33.83946990966797,0.08490461111068726,0.08490461111068726,0.9610120058059692,0.5807847380638123,33.83946990966797,0.5207847356796265,0.0,0.0,134,0.0,33.82477569580078,0.0812901183962822,1.091556429862976,0.08508898317813873,2
0.07454781234264374,0.0,1.0117907524108887,0.0,0.5807803273200989,33.83946990966797,0.08490455150604248,0.08490455150604248,0.9610118269920349,0.5807803273200989,33.83946990966797,0.5207803249359131,0.0,0.0,135,0.0,33.82477569580078,0.0812901183962822,1.091556429862976,0.08508898317813873,2
0.07454796135425568,0.0,1.011794090270996,0.0,0.5807833671569824,33.83946990966797,0.08490462601184845,0.08490462601184845,0.9610115885734558,0.5807833671569824,33.83946990966797,0.5207833647727966,0.0,0.0,136,0.0,33.82477569580078,0.0812901183962822,1.091556429862976,0.08508898317813873,2
0.0745479092001915,0.0,1.011791706085205,0.0,0.5807811617851257,33.83946990966797,0.08490458875894547,0.08490458875894547,0.9610115885734558,0.5807811617851257,33.83946990966797,0.5207811594009399,0.0,0.0,137,0.0,33.82477569580078,0.0812901183962822,1.091556429862976,0.08508898317813873,2
0.0745474100112915,0.0,1.0117934942245483,0.0,0.5807797312736511,33.83946990966797,0.08490460366010666,0.08490460366010666,0.9610116481781006,0.5807797312736511,33.83946990966797,0.5207797288894653,0.0,0.0,138,0.0,33.82477569580078,0.0812901183962822,1.091556429862976,0.08508898317813873,2
0.07454793155193329,0.0,1.011792778968811,0.0,0.5807791948318481,33.83946990966797,0.08490458875894547,0.08490458875894547,0.9610116481781006,0.5807791948318481,33.83946990966797,0.5207791924476624,0.0,0.0,139,0.0,33.82477569580078,0.0812901183962822,1.091556429862976,0.08508898317813873,2
0.07454739511013031,0.0,1.011791467666626,0.0,0.5807809233665466,33.83946990966797,0.08490459620952606,0.08490459620952606,0.9610118865966797,0.5807809233665466,33.83946990966797,0.5207809209823608,0.0,0.0,140,0.0,33.82477569580078,0.0812901183962822,1.091556429862976,0.08508898317813873,2
0.07454805076122284,0.0,1.0117921829223633,0.0,0.5807809233665466,33.83946990966797,0.08490458130836487,0.08490458130836487,0.961012065410614,0.5807809233665466,33.83946990966797,0.5207809209823608,0.0,0.0,141,0.0,33.82477569580078,0.0812901183962822,1.091556429862976,0.08508898317813873,2
0.07454763352870941,0.0,1.0117928981781006,0.0,0.5807801485061646,33.83946990966797,0.08490462601184845,0.08490462601184845,0.9610117673873901,0.5807801485061646,33.83946990966797,0.5207801461219788,0.0,0.0,142,0.0,33.82477569580078,0.0812901183962822,1.091556429862976,0.08508898317813873,2
0.07454796880483627,0.0,1.011791467666626,0.0,0.5807854533195496,33.8394660949707,0.08490457385778427,0.08490457385778427,0.9610116481781006,0.5807854533195496,33.8394660949707,0.5207854509353638,0.0,0.0,143,0.0,33.82477569580078,0.0812901183962822,1.091556429862976,0.08508898317813873,2
0.07454793900251389,0.0,1.011792540550232,0.0,0.5807835459709167,33.83946990966797,0.08490461111068726,0.08490461111068726,0.9610120058059692,0.5807835459709167,33.83946990966797,0.520783543586731,0.0,0.0,144,0.0,33.82477569580078,0.0812901183962822,1.091556429862976,0.08508898317813873,2
0.07454799115657806,0.0,1.0117950439453125,0.0,0.5807812809944153,33.83946990966797,0.08490462601184845,0.08490462601184845,0.961012065410614,0.5807812809944153,33.83946990966797,0.5207812786102295,0.0,0.0,145,0.0,33.82477569580078,0.0812901183962822,1.091556429862976,0.08508898317813873,2
0.07454822957515717,0.0,1.0117933750152588,0.0,0.5807825922966003,33.83946990966797,0.08490464836359024,0.08490464836359024,0.9610118269920349,0.5807825922966003,33.83946990966797,0.5207825899124146,0.0,0.0,146,0.0,33.82477569580078,0.0812901183962822,1.091556429862976,0.08508898317813873,2
0.07454810291528702,0.0,1.0117939710617065,0.0,0.580778956413269,33.83946990966797,0.08490461111068726,0.08490461111068726,0.9610114097595215,0.580778956413269,33.83946990966797,0.5207789540290833,0.0,0.0,147,0.0,33.82477569580078,0.0812901183962822,1.091556429862976,0.08508898317813873,2
0.07454764097929001,0.0,1.011792778968811,0.0,0.5807774066925049,33.83946990966797,0.08490454405546188,0.08490454405546188,0.9610117673873901,0.5807774066925049,33.83946990966797,0.5207774043083191,0.0,0.0,148,0.0,33.82477569580078,0.0812901183962822,1.091556429862976,0.08508898317813873,2
0.0745479166507721,0.0,1.0117926597595215,0.0,0.5807825922966003,33.83946990966797,0.08490459620952606,0.08490459620952606,0.9610115885734558,0.5807825922966003,33.83946990966797,0.5207825899124146,0.0,0.0,149,0.0,33.82477569580078,0.0812901183962822,1.091556429862976,0.08508898317813873,2
0.07454819977283478,0.0,1.0117921829223633,0.0,0.5807795524597168,33.83946990966797,0.08490461111068726,0.08490461111068726,0.9610117673873901,0.5807795524597168,33.83946990966797,0.520779550075531,0.0,0.0,150,0.0,33.82477569580078,0.0812901183962822,1.091556429862976,0.08508898317813873,2
0.07454799860715866,0.0,1.0117921829223633,0.0,0.5807791948318481,33.83946990966797,0.08490459620952606,0.08490459620952606,0.9610120058059692,0.5807791948318481,33.83946990966797,0.5207791924476624,0.0,0.0,151,0.0,33.82477569580078,0.0812901183962822,1.091556429862976,0.08508898317813873,2
0.07454803586006165,0.0,1.011792778968811,0.0,0.5807844400405884,33.83946990966797,0.08490461111068726,0.08490461111068726,0.9610116481781006,0.5807844400405884,33.83946990966797,0.5207844376564026,0.0,0.0,152,0.0,33.82477569580078,0.0812901183962822,1.091556429862976,0.08508898317813873,2
0.07454755902290344,0.0,1.0117944478988647,0.0,0.5807793140411377,33.83946990966797,0.08490462601184845,0.08490462601184845,0.9610115885734558,0.5807793140411377,33.83946990966797,0.5207793116569519,0.0,0.0,153,0.0,33.82477569580078,0.0812901183962822,1.091556429862976,0.08508898317813873,2
0.07454773038625717,0.0,1.0117915868759155,0.0,0.5807825326919556,33.83946990966797,0.08490455895662308,0.08490455895662308,0.9610120058059692,0.5807825326919556,33.83946990966797,0.5207825303077698,0.0,0.0,154,0.0,33.82477569580078,0.0812901183962822,1.091556429862976,0.08508898317813873,2
0.07454787939786911,0.0,1.0117920637130737,0.0,0.5807827711105347,33.83946990966797,0.08490459620952606,0.08490459620952606,0.961012065410614,0.5807827711105347,33.83946990966797,0.5207827687263489,0.0,0.0,155,0.0,33.82477569580078,0.0812901183962822,1.091556429862976,0.08508898317813873,2
0.07454786449670792,0.0,1.0117933750152588,0.0,0.580781102180481,33.83946990966797,0.08490456640720367,0.08490456640720367,0.9610117673873901,0.580781102180481,33.83946990966797,0.5207810997962952,0.0,0.0,156,0.0,33.82477569580078,0.0812901183962822,1.091556429862976,0.08508898317813873,2
0.07454785704612732,0.0,1.0117934942245483,0.0,0.5807811617851257,33.83946990966797,0.08490464091300964,0.08490464091300964,0.9610117673873901,0.5807811617851257,33.83946990966797,0.5207811594009399,0.0,0.0,157,0.0,33.82477569580078,0.0812901183962822,1.091556429862976,0.08508898317813873,2
0.07454757392406464,0.0,1.011793613433838,0.0,0.5807824730873108,33.83946990966797,0.08490458130836487,0.08490458130836487,0.961011528968811,0.5807824730873108,33.83946990966797,0.520782470703125,0.0,0.0,158,0.0,33.82477569580078,0.0812901183962822,1.091556429862976,0.08508898317813873,2
0.07454776018857956,0.0,1.0117934942245483,0.0,0.5807806253433228,33.83946990966797,0.08490461856126785,0.08490461856126785,0.961011528968811,0.5807806253433228,33.83946990966797,0.520780622959137,0.0,0.0,159,0.0,33.82477569580078,0.0812901183962822,1.091556429862976,0.08508898317813873,2
0.0745476633310318,0.0,1.011792540550232,0.0,0.5807808637619019,33.83946990966797,0.08490462601184845,0.08490462601184845,0.9610116481781006,0.5807808637619019,33.83946990966797,0.5207808613777161,0.0,0.0,160,0.0,33.82477569580078,0.0812901183962822,1.091556429862976,0.08508898317813873,2
0.07454781234264374,0.0,1.011792540550232,0.0,0.580781102180481,33.83946990966797,0.08490460366010666,0.08490460366010666,0.9610118269920349,0.580781102180481,33.83946990966797,0.5207810997962952,0.0,0.0,161,0.0,33.82477569580078,0.0812901183962822,1.091556429862976,0.08508898317813873,2
0.07454773783683777,0.0,1.011794924736023,0.0,0.580780565738678,33.83946990966797,0.08490458130836487,0.08490458130836487,0.9610116481781006,0.580780565738678,33.83946990966797,0.5207805633544922,0.0,0.0,162,0.0,33.82477569580078,0.0812901183962822,1.091556429862976,0.08508898317813873,2
0.07454754412174225,0.0,1.011791706085205,0.0,0.5807788968086243,33.83946990966797,0.08490461111068726,0.08490461111068726,0.9610120058059692,0.5807788968086243,33.83946990966797,0.5207788944244385,0.0,0.0,163,0.0,33.82477569580078,0.0812901183962822,1.091556429862976,0.08508898317813873,2
0.07454769313335419,0.0,1.0117912292480469,0.0,0.5807843208312988,33.83946990966797,0.08490461111068726,0.08490461111068726,0.9610120058059692,0.5807843208312988,33.83946990966797,0.520784318447113,0.0,0.0,164,0.0,33.82477569580078,0.0812901183962822,1.091556429862976,0.08508898317813873,2
0.07454780489206314,0.0,1.0117933750152588,0.0,0.5807819962501526,33.83946990966797,0.08490458130836487,0.08490458130836487,0.961011528968811,0.5807819962501526,33.83946990966797,0.5207819938659668,0.0,0.0,165,0.0,33.82477569580078,0.0812901183962822,1.091556429862976,0.08508898317813873,2
0.07454802095890045,0.0,1.0117919445037842,0.0,0.5807822942733765,33.83946990966797,0.08490453660488129,0.08490453660488129,0.9610118865966797,0.5807822942733765,33.83946990966797,0.5207822918891907,0.0,0.0,166,0.0,33.82477569580078,0.0812901183962822,1.091556429862976,0.08508898317813873,2
0.07454772293567657,0.0,1.011795163154602,0.0,0.5807773470878601,33.83946990966797,0.08490458130836487,0.08490458130836487,0.9610120058059692,0.5807773470878601,33.83946990966797,0.5207773447036743,0.0,0.0,167,0.0,33.82477569580078,0.0812901183962822,1.091556429862976,0.08508898317813873,2
0.0745476484298706,0.0,1.011792778968811,0.0,0.5807802677154541,33.83946990966797,0.08490460366010666,0.08490460366010666,0.9610118865966797,0.5807802677154541,33.83946990966797,0.5207802653312683,0.0,0.0,168,0.0,33.82477569580078,0.0812901183962822,1.091556429862976,0.08508898317813873,2
0.07454782724380493,0.0,1.0117943286895752,0.0,0.5807805061340332,33.83946990966797,0.08490459620952606,0.08490459620952606,0.9610115885734558,0.5807805061340332,33.83946990966797,0.5207805037498474,0.0,0.0,169,0.0,33.82477569580078,0.0812901183962822,1.091556429862976,0.08508898317813873,2
0.07454743981361389,0.0,1.011794090270996,0.0,0.5807809233665466,33.83946990966797,0.08490462601184845,0.08490462601184845,0.9610114097595215,0.5807809233665466,33.83946990966797,0.5207809209823608,0.0,0.0,170,0.0,33.82477569580078,0.0812901183962822,1.091556429862976,0.08508898317813873,2
0.07454830408096313,0.0,1.0117926597595215,0.0,0.5807799696922302,33.8394660949707,0.08490459620952606,0.08490459620952606,0.961012065410614,0.5807799696922302,33.8394660949707,0.5207799673080444,0.0,0.0,171,0.0,33.82477569580078,0.0812901183962822,1.091556429862976,0.08508898317813873,2
0.07454774528741837,0.0,1.0117912292480469,0.0,0.5807819962501526,33.83946990966797,0.08490461856126785,0.08490461856126785,0.9610120058059692,0.5807819962501526,33.83946990966797,0.5207819938659668,0.0,0.0,172,0.0,33.82477569580078,0.0812901183962822,1.091556429862976,0.08508898317813873,2
0.07454746961593628,0.0,1.0117928981781006,0.0,0.580781877040863,33.83946990966797,0.08490463346242905,0.08490463346242905,0.9610118269920349,0.580781877040863,33.83946990966797,0.5207818746566772,0.0,0.0,173,0.0,33.82477569580078,0.0812901183962822,1.091556429862976,0.08508898317813873,2
0.07454805076122284,0.0,1.0117937326431274,0.0,0.5807822942733765,33.83946990966797,0.08490459620952606,0.08490459620952606,0.9610117673873901,0.5807822942733765,33.83946990966797,0.5207822918891907,0.0,0.0,174,0.0,33.82477569580078,0.0812901183962822,1.091556429862976,0.08508898317813873,2
0.07454773783683777,0.0,1.0117919445037842,0.0,0.5807802081108093,33.83946990966797,0.08490458130836487,0.08490458130836487,0.9610115885734558,0.5807802081108093,33.83946990966797,0.5207802057266235,0.0,0.0,175,0.0,33.82477569580078,0.0812901183962822,1.091556429862976,0.08508898317813873,2
0.07454773783683777,0.0,1.0117932558059692,0.0,0.5807830095291138,33.83946990966797,0.08490460366010666,0.08490460366010666,0.9610116481781006,0.5807830095291138,33.83946990966797,0.520783007144928,0.0,0.0,176,0.0,33.82477569580078,0.0812901183962822,1.091556429862976,0.08508898317813873,2
0.07454805076122284,0.0,1.011792778968811,0.0,0.5807832479476929,33.83946990966797,0.08490459620952606,0.08490459620952606,0.9610117673873901,0.5807832479476929,33.83946990966797,0.5207832455635071,0.0,0.0,177,0.0,33.82477569580078,0.0812901183962822,1.091556429862976,0.08508898317813873,2
0.07454779744148254,0.0,1.0117932558059692,0.0,0.5807839632034302,33.83946990966797,0.08490459620952606,0.08490459620952606,0.9610118865966797,0.5807839632034302,33.83946990966797,0.5207839608192444,0.0,0.0,178,0.0,33.82477569580078,0.0812901183962822,1.091556429862976,0.08508898317813873,2
0.07454700767993927,0.0,1.011792540550232,0.0,0.5807783603668213,33.83946990966797,0.08490458130836487,0.08490458130836487,0.9610117673873901,0.5807783603668213,33.83946990966797,0.5207783579826355,0.0,0.0,179,0.0,33.82477569580078,0.0812901183962822,1.091556429862976,0.08508898317813873,2
0.07454769313335419,0.0,1.0117943286895752,0.0,0.5807813405990601,33.83946990966797,0.08490462601184845,0.08490462601184845,0.9610116481781006,0.5807813405990601,33.83946990966797,0.5207813382148743,0.0,0.0,180,0.0,33.82477569580078,0.0812901183962822,1.091556429862976,0.08508898317813873,2
0.07454759627580643,0.0,1.0117926597595215,0.0,0.5807834267616272,33.83946990966797,0.08490459620952606,0.08490459620952606,0.9610116481781006,0.5807834267616272,33.83946990966797,0.5207834243774414,0.0,0.0,181,0.0,33.82477569580078,0.0812901183962822,1.091556429862976,0.08508898317813873,2
0.07454770803451538,0.0,1.011791706085205,0.0,0.5807844400405884,33.83946990966797,0.08490460366010666,0.08490460366010666,0.9610118269920349,0.5807844400405884,33.83946990966797,0.5207844376564026,0.0,0.0,182,0.0,33.82477569580078,0.0812901183962822,1.091556429862976,0.08508898317813873,2
0.07454802840948105,0.0,1.011793613433838,0.0,0.5807817578315735,33.83946990966797,0.08490461111068726,0.08490461111068726,0.9610117673873901,0.5807817578315735,33.83946990966797,0.5207817554473877,0.0,0.0,183,0.0,33.82477569580078,0.0812901183962822,1.091556429862976,0.08508898317813873,2
0.07454800605773926,0.0,1.0117943286895752,0.0,0.5807826519012451,33.83946990966797,0.08490454405546188,0.08490454405546188,0.9610117673873901,0.5807826519012451,33.83946990966797,0.5207826495170593,0.0,0.0,184,0.0,33.82477569580078,0.0812901183962822,1.091556429862976,0.08508898317813873,2
0.0745476484298706,0.0,1.0117931365966797,0.0,0.5807817578315735,33.83946990966797,0.08490461111068726,0.08490461111068726,0.9610115885734558,0.5807817578315735,33.83946990966797,0.5207817554473877,0.0,0.0,185,0.0,33.82477569580078,0.0812901183962822,1.091556429862976,0.08508898317813873,2
0.07454793155193329,0.0,1.0117933750152588,0.0,0.580781102180481,33.83946990966797,0.08490459620952606,0.08490459620952606,0.9610120058059692,0.580781102180481,33.83946990966797,0.5207810997962952,0.0,0.0,186,0.0,33.82477569580078,0.0812901183962822,1.091556429862976,0.08508898317813873,2
0.07454802840948105,0.0,1.011793613433838,0.0,0.5807825326919556,33.83946990966797,0.08490459620952606,0.08490459620952606,0.9610117673873901,0.5807825326919556,33.83946990966797,0.5207825303077698,0.0,0.0,187,0.0,33.82477569580078,0.0812901183962822,1.091556429862976,0.08508898317813873,2
0.07454776018857956,0.0,1.0117945671081543,0.0,0.5807803869247437,33.83946990966797,0.08490462601184845,0.08490462601184845,0.961011528968811,0.5807803869247437,33.83946990966797,0.5207803845405579,0.0,0.0,188,0.0,33.82477569580078,0.0812901183962822,1.091556429862976,0.08508898317813873,2
0.07454803586006165,0.0,1.0117926597595215,0.0,0.5807824730873108,33.83946990966797,0.08490461111068726,0.08490461111068726,0.9610118269920349,0.5807824730873108,33.83946990966797,0.520782470703125,0.0,0.0,189,0.0,33.82477569580078,0.0812901183962822,1.091556429862976,0.08508898317813873,2
0.07454831898212433,0.0,1.011791467666626,0.0,0.5807839035987854,33.8394660949707,0.08490462601184845,0.08490462601184845,0.9610114097595215,0.5807839035987854,33.8394660949707,0.5207839012145996,0.0,0.0,190,0.0,33.82477569580078,0.0812901183962822,1.091556429862976,0.08508898317813873,2
0.07454770803451538,0.0,1.0117926597595215,0.0,0.5807806849479675,33.83946990966797,0.08490456640720367,0.08490456640720367,0.9610118865966797,0.5807806849479675,33.83946990966797,0.5207806825637817,0.0,0.0,191,0.0,33.82477569580078,0.0812901183962822,1.091556429862976,0.08508898317813873,2
0.07454794645309448,0.0,1.011794090270996,0.0,0.580783486366272,33.83946990966797,0.08490461111068726,0.08490461111068726,0.9610116481781006,0.580783486366272,33.83946990966797,0.5207834839820862,0.0,0.0,192,0.0,33.82477569580078,0.0812901183962822,1.091556429862976,0.08508898317813873,2
0.07454788684844971,0.0,1.0117921829223633,0.0,0.5807785391807556,33.83946990966797,0.08490460366010666,0.08490460366010666,0.9610118865966797,0.5807785391807556,33.83946990966797,0.5207785367965698,0.0,0.0,193,0.0,33.82477569580078,0.0812901183962822,1.091556429862976,0.08508898317813873,2
0.07454770803451538,0.0,1.0117948055267334,0.0,0.5807861089706421,33.83946990966797,0.08490459620952606,0.08490459620952606,0.9610120058059692,0.5807861089706421,33.83946990966797,0.5207861065864563,0.0,0.0,194,0.0,33.82477569580078,0.0812901183962822,1.091556429862976,0.08508898317813873,2
0.07454771548509598,0.0,1.0117944478988647,0.0,0.580784022808075,33.83946990966797,0.08490463346242905,0.08490463346242905,0.9610114097595215,0.580784022808075,33.83946990966797,0.5207840204238892,0.0,0.0,195,0.0,33.82477569580078,0.0812901183962822,1.091556429862976,0.08508898317813873,2
0.07454793155193329,0.0,1.0117920637130737,0.0,0.5807819962501526,33.83946990966797,0.08490461111068726,0.08490461111068726,0.9610118269920349,0.5807819962501526,33.83946990966797,0.5207819938659668,0.0,0.0,196,0.0,33.82477569580078,0.0812901183962822,1.091556429862976,0.08508898317813873,2
0.07454772293567657,0.0,1.011792778968811,0.0,0.5807808637619019,33.83946990966797,0.08490458875894547,0.08490458875894547,0.9610117673873901,0.5807808637619019,33.83946990966797,0.5207808613777161,0.0,0.0,197,0.0,33.82477569580078,0.0812901183962822,1.091556429862976,0.08508898317813873,2
0.0745476484298706,0.0,1.0117909908294678,0.0,0.5807807445526123,33.83946990966797,0.08490463346242905,0.08490463346242905,0.9610116481781006,0.5807807445526123,33.83946990966797,0.5207807421684265,0.0,0.0,198,0.0,33.82477569580078,0.0812901183962822,1.091556429862976,0.08508898317813873,2
0.07454769313335419,0.0,1.0117943286895752,0.0,0.5807831287384033,33.83946990966797,0.08490461111068726,0.08490461111068726,0.9610118865966797,0.5807831287384033,33.83946990966797,0.5207831263542175,0.0,0.0,199,0.0,33.82477569580078,0.0812901183962822,1.091556429862976,0.08508898317813873,2
