image_id,condition,seed,strength,source,prompt,fid_lpips,fid_psnr,fid_linf,siglip_ctrl,siglip_def,clip_ctrl,clip_def,effect_siglip,effect_clip,siglip_orig,edit_lpips
bird_03,N1,0,0.2,native,a butterfly,0.02910183183848858,35.81867599487305,0.5058823823928833,0.0038435831665992737,0.006150685250759125,0.16925176978111267,0.17498114705085754,-0.002307102084159851,-0.005729377269744873,0.0047795698046684265,0.1752912700176239
bird_03,N1,1,0.2,native,a butterfly,0.02910183183848858,35.81867599487305,0.5058823823928833,0.002675192430615425,0.0016332445666193962,0.17490796744823456,0.17713838815689087,0.001041947863996029,-0.002230420708656311,0.0047795698046684265,0.16980642080307007
bird_03,N1,2,0.2,native,a butterfly,0.02910183183848858,35.81867599487305,0.5058823823928833,0.005618019960820675,0.011501476168632507,0.1669507920742035,0.16376838088035583,-0.005883456207811832,0.0031824111938476562,0.0047795698046684265,0.18082818388938904
bird_03,N1,3,0.2,native,a butterfly,0.02910183183848858,35.81867599487305,0.5058823823928833,-0.0008084271103143692,0.004462959244847298,0.161920428276062,0.16603204607963562,-0.005271386355161667,-0.004111617803573608,0.0047795698046684265,0.17406734824180603
bird_03,N1,4,0.2,native,a butterfly,0.02910183183848858,35.81867599487305,0.5058823823928833,0.007525518536567688,0.003989340737462044,0.17565718293190002,0.17242783308029175,0.0035361777991056442,0.0032293498516082764,0.0047795698046684265,0.17619535326957703
bird_03,N2,0,0.2,native,a butterfly,0.02314170077443123,36.39498519897461,0.6509804129600525,0.0038435831665992737,0.002729276195168495,0.16925176978111267,0.17536130547523499,0.0011143069714307785,-0.0061095356941223145,0.0047795698046684265,0.1654612123966217
bird_03,N2,1,0.2,native,a butterfly,0.02314170077443123,36.39498519897461,0.6509804129600525,0.002675192430615425,0.001271866261959076,0.17490796744823456,0.17723478376865387,0.0014033261686563492,-0.0023268163204193115,0.0047795698046684265,0.17004162073135376
bird_03,N2,2,0.2,native,a butterfly,0.02314170077443123,36.39498519897461,0.6509804129600525,0.005618019960820675,0.008785080164670944,0.1669507920742035,0.17128629982471466,-0.0031670602038502693,-0.004335507750511169,0.0047795698046684265,0.1654520481824875
bird_03,N2,3,0.2,native,a butterfly,0.02314170077443123,36.39498519897461,0.6509804129600525,-0.0008084271103143692,0.0007308144122362137,0.161920428276062,0.16139225661754608,-0.0015392415225505829,0.0005281716585159302,0.0047795698046684265,0.1674880087375641
bird_03,N2,4,0.2,native,a butterfly,0.02314170077443123,36.39498519897461,0.6509804129600525,0.007525518536567688,0.002915611956268549,0.17565718293190002,0.16930298507213593,0.004609906580299139,0.006354197859764099,0.0047795698046684265,0.16641539335250854
bird_03,N3,0,0.2,native,a butterfly,0.13682344555854797,33.92310333251953,0.4000000059604645,0.0038435831665992737,0.0005910173058509827,0.16925176978111267,0.17244304716587067,0.003252565860748291,-0.0031912773847579956,0.0047795698046684265,0.10770762711763382
bird_03,N3,1,0.2,native,a butterfly,0.13682344555854797,33.92310333251953,0.4000000059604645,0.002675192430615425,0.0015716254711151123,0.17490796744823456,0.17607325315475464,0.0011035669595003128,-0.0011652857065200806,0.0047795698046684265,0.10552416741847992
bird_03,N3,2,0.2,native,a butterfly,0.13682344555854797,33.92310333251953,0.4000000059604645,0.005618019960820675,0.009797129780054092,0.1669507920742035,0.1664409339427948,-0.0041791098192334175,0.0005098581314086914,0.0047795698046684265,0.10718949884176254
bird_03,N3,3,0.2,native,a butterfly,0.13682344555854797,33.92310333251953,0.4000000059604645,-0.0008084271103143692,0.002195218577980995,0.161920428276062,0.16924405097961426,-0.0030036456882953644,-0.007323622703552246,0.0047795698046684265,0.11206408590078354
bird_03,N3,4,0.2,native,a butterfly,0.13682344555854797,33.92310333251953,0.4000000059604645,0.007525518536567688,0.002565829548984766,0.17565718293190002,0.17158524692058563,0.004959688987582922,0.004071936011314392,0.0047795698046684265,0.10581119358539581
bird_03,photoguard_c,0,0.2,native,a butterfly,0.19465026259422302,47.07058334350586,0.1725490391254425,0.0038435831665992737,-0.0013475269079208374,0.16925176978111267,0.17723524570465088,0.005191110074520111,-0.007983475923538208,0.0047795698046684265,0.2483300119638443
bird_03,photoguard_c,1,0.2,native,a butterfly,0.19465026259422302,47.07058334350586,0.1725490391254425,0.002675192430615425,0.0003065299242734909,0.17490796744823456,0.1759759485721588,0.002368662506341934,-0.0010679811239242554,0.0047795698046684265,0.23808880150318146
bird_03,photoguard_c,2,0.2,native,a butterfly,0.19465026259422302,47.07058334350586,0.1725490391254425,0.005618019960820675,0.004577504470944405,0.1669507920742035,0.17746633291244507,0.0010405154898762703,-0.010515540838241577,0.0047795698046684265,0.2576921582221985
bird_03,photoguard_c,3,0.2,native,a butterfly,0.19465026259422302,47.07058334350586,0.1725490391254425,-0.0008084271103143692,0.0007953103631734848,0.161920428276062,0.16426457464694977,-0.001603737473487854,-0.0023441463708877563,0.0047795698046684265,0.26356709003448486
bird_03,photoguard_c,4,0.2,native,a butterfly,0.19465026259422302,47.07058334350586,0.1725490391254425,0.007525518536567688,-0.0011120387353003025,0.17565718293190002,0.17763441801071167,0.00863755727186799,-0.0019772350788116455,0.0047795698046684265,0.24186402559280396
bird_03,mist,0,0.2,native,a butterfly,0.6396572589874268,27.320281982421875,0.0627451241016388,0.0038435831665992737,0.021112751215696335,0.16925176978111267,0.21270836889743805,-0.01726916804909706,-0.04345659911632538,0.0047795698046684265,0.635327160358429
bird_03,mist,1,0.2,native,a butterfly,0.6396572589874268,27.320281982421875,0.0627451241016388,0.002675192430615425,0.035184916108846664,0.17490796744823456,0.2163335680961609,-0.03250972367823124,-0.04142560064792633,0.0047795698046684265,0.6391833424568176
bird_03,mist,2,0.2,native,a butterfly,0.6396572589874268,27.320281982421875,0.0627451241016388,0.005618019960820675,0.037161827087402344,0.1669507920742035,0.2035529613494873,-0.03154380712658167,-0.036602169275283813,0.0047795698046684265,0.6287078857421875
bird_03,mist,3,0.2,native,a butterfly,0.6396572589874268,27.320281982421875,0.0627451241016388,-0.0008084271103143692,0.025676922872662544,0.161920428276062,0.20924794673919678,-0.026485349982976913,-0.047327518463134766,0.0047795698046684265,0.63630211353302
bird_03,mist,4,0.2,native,a butterfly,0.6396572589874268,27.320281982421875,0.0627451241016388,0.007525518536567688,0.03598881512880325,0.17565718293190002,0.20908059179782867,-0.028463296592235565,-0.03342340886592865,0.0047795698046684265,0.630176305770874
bird_03,dia_r,0,0.2,native,a butterfly,0.3621436357498169,40.94834899902344,0.02352944016456604,0.0038435831665992737,0.0018690461292862892,0.16925176978111267,0.18266789615154266,0.0019745370373129845,-0.013416126370429993,0.0047795698046684265,0.3941905200481415
bird_03,dia_r,1,0.2,native,a butterfly,0.3621436357498169,40.94834899902344,0.02352944016456604,0.002675192430615425,-0.003574301488697529,0.17490796744823456,0.17634743452072144,0.006249493919312954,-0.0014394670724868774,0.0047795698046684265,0.37312284111976624
bird_03,dia_r,2,0.2,native,a butterfly,0.3621436357498169,40.94834899902344,0.02352944016456604,0.005618019960820675,0.006982062943279743,0.1669507920742035,0.17413276433944702,-0.0013640429824590683,-0.00718197226524353,0.0047795698046684265,0.3751559853553772
bird_03,dia_r,3,0.2,native,a butterfly,0.3621436357498169,40.94834899902344,0.02352944016456604,-0.0008084271103143692,0.0006339042447507381,0.161920428276062,0.17442107200622559,-0.0014423313550651073,-0.012500643730163574,0.0047795698046684265,0.37663912773132324
bird_03,dia_r,4,0.2,native,a butterfly,0.3621436357498169,40.94834899902344,0.02352944016456604,0.007525518536567688,-0.0007909340783953667,0.17565718293190002,0.17905835807323456,0.008316452614963055,-0.0034011751413345337,0.0047795698046684265,0.3720576763153076
bird_03,R,0,0.2,native,a butterfly,0.01024959422647953,41.92597961425781,0.22745099663734436,0.0038435831665992737,0.0018125055357813835,0.16925176978111267,0.16727323830127716,0.00203107763081789,0.0019785314798355103,0.0047795698046684265,0.13382090628147125
bird_03,R,1,0.2,native,a butterfly,0.01024959422647953,41.92597961425781,0.22745099663734436,0.002675192430615425,0.002044403925538063,0.17490796744823456,0.17671231925487518,0.0006307885050773621,-0.001804351806640625,0.0047795698046684265,0.12978169322013855
bird_03,R,2,0.2,native,a butterfly,0.01024959422647953,41.92597961425781,0.22745099663734436,0.005618019960820675,0.007514001801609993,0.1669507920742035,0.16581693291664124,-0.001895981840789318,0.0011338591575622559,0.0047795698046684265,0.1281629502773285
bird_03,R,3,0.2,native,a butterfly,0.01024959422647953,41.92597961425781,0.22745099663734436,-0.0008084271103143692,-0.00020698923617601395,0.161920428276062,0.16041715443134308,-0.0006014378741383553,0.001503273844718933,0.0047795698046684265,0.12832194566726685
bird_03,R,4,0.2,native,a butterfly,0.01024959422647953,41.92597961425781,0.22745099663734436,0.007525518536567688,0.004096934571862221,0.17565718293190002,0.17712830007076263,0.0034285839647054672,-0.0014711171388626099,0.0047795698046684265,0.12737007439136505
bird_03,N1,0,0.3,native,a butterfly,0.02910183183848858,35.81867599487305,0.5058823823928833,0.00618969090282917,0.004883681423962116,0.17491430044174194,0.1682090312242508,0.001306009478867054,0.00670526921749115,0.0047795698046684265,0.1818470060825348
bird_03,N1,1,0.3,native,a butterfly,0.02910183183848858,35.81867599487305,0.5058823823928833,0.0014336621388792992,-0.0010384507477283478,0.17706669867038727,0.17431502044200897,0.002472112886607647,0.002751678228378296,0.0047795698046684265,0.17754289507865906
bird_03,N1,2,0.3,native,a butterfly,0.02910183183848858,35.81867599487305,0.5058823823928833,0.005320347845554352,0.006744183599948883,0.16916295886039734,0.17283523082733154,-0.0014238357543945312,-0.003672271966934204,0.0047795698046684265,0.182914137840271
bird_03,N1,3,0.3,native,a butterfly,0.02910183183848858,35.81867599487305,0.5058823823928833,0.005451709032058716,0.008128045126795769,0.17074859142303467,0.16550815105438232,-0.002676336094737053,0.005240440368652344,0.0047795698046684265,0.183365136384964
bird_03,N1,4,0.3,native,a butterfly,0.02910183183848858,35.81867599487305,0.5058823823928833,0.002686779946088791,0.007121657952666283,0.1739807426929474,0.1770026683807373,-0.004434878006577492,-0.003021925687789917,0.0047795698046684265,0.17787286639213562
bird_03,N2,0,0.3,native,a butterfly,0.02314170077443123,36.39498519897461,0.6509804129600525,0.00618969090282917,0.006257255561649799,0.17491430044174194,0.1754317581653595,-6.756465882062912e-05,-0.0005174577236175537,0.0047795698046684265,0.1705874502658844
bird_03,N2,1,0.3,native,a butterfly,0.02314170077443123,36.39498519897461,0.6509804129600525,0.0014336621388792992,0.0013866238296031952,0.17706669867038727,0.18545010685920715,4.7038309276103973e-05,-0.008383408188819885,0.0047795698046684265,0.1730017364025116
bird_03,N2,2,0.3,native,a butterfly,0.02314170077443123,36.39498519897461,0.6509804129600525,0.005320347845554352,0.009950386360287666,0.16916295886039734,0.17672133445739746,-0.0046300385147333145,-0.007558375597000122,0.0047795698046684265,0.1707182228565216
bird_03,N2,3,0.3,native,a butterfly,0.02314170077443123,36.39498519897461,0.6509804129600525,0.005451709032058716,0.007061522454023361,0.17074859142303467,0.16654068231582642,-0.0016098134219646454,0.004207909107208252,0.0047795698046684265,0.17978136241436005
bird_03,N2,4,0.3,native,a butterfly,0.02314170077443123,36.39498519897461,0.6509804129600525,0.002686779946088791,0.0037479866296052933,0.1739807426929474,0.17097769677639008,-0.0010612066835165024,0.003003045916557312,0.0047795698046684265,0.17107830941677094
bird_03,N3,0,0.3,native,a butterfly,0.13682344555854797,33.92310333251953,0.4000000059604645,0.00618969090282917,0.005439336411654949,0.17491430044174194,0.17592336237430573,0.000750354491174221,-0.0010090619325637817,0.0047795698046684265,0.10792218893766403
bird_03,N3,1,0.3,native,a butterfly,0.13682344555854797,33.92310333251953,0.4000000059604645,0.0014336621388792992,0.0002144714817404747,0.17706669867038727,0.178731769323349,0.0012191906571388245,-0.001665070652961731,0.0047795698046684265,0.1094493716955185
bird_03,N3,2,0.3,native,a butterfly,0.13682344555854797,33.92310333251953,0.4000000059604645,0.005320347845554352,0.009414959698915482,0.16916295886039734,0.1702023595571518,-0.00409461185336113,-0.0010394006967544556,0.0047795698046684265,0.12003780901432037
bird_03,N3,3,0.3,native,a butterfly,0.13682344555854797,33.92310333251953,0.4000000059604645,0.005451709032058716,0.008041021414101124,0.17074859142303467,0.17650286853313446,-0.002589312382042408,-0.0057542771100997925,0.0047795698046684265,0.10823024064302444
bird_03,N3,4,0.3,native,a butterfly,0.13682344555854797,33.92310333251953,0.4000000059604645,0.002686779946088791,0.0048116520047187805,0.1739807426929474,0.1799609512090683,-0.0021248720586299896,-0.005980208516120911,0.0047795698046684265,0.11339491605758667
bird_03,photoguard_c,0,0.3,native,a butterfly,0.19465026259422302,47.07058334350586,0.1725490391254425,0.00618969090282917,-0.0024925381876528263,0.17491430044174194,0.17424578964710236,0.008682229090481997,0.0006685107946395874,0.0047795698046684265,0.247840017080307
bird_03,photoguard_c,1,0.3,native,a butterfly,0.19465026259422302,47.07058334350586,0.1725490391254425,0.0014336621388792992,0.008068038150668144,0.17706669867038727,0.18775160610675812,-0.006634376011788845,-0.01068490743637085,0.0047795698046684265,0.2689186930656433
bird_03,photoguard_c,2,0.3,native,a butterfly,0.19465026259422302,47.07058334350586,0.1725490391254425,0.005320347845554352,0.00768364779651165,0.16916295886039734,0.1737714260816574,-0.0023632999509572983,-0.004608467221260071,0.0047795698046684265,0.2649231553077698
bird_03,photoguard_c,3,0.3,native,a butterfly,0.19465026259422302,47.07058334350586,0.1725490391254425,0.005451709032058716,0.0032710637897253036,0.17074859142303467,0.17163744568824768,0.002180645242333412,-0.0008888542652130127,0.0047795698046684265,0.2928254306316376
bird_03,photoguard_c,4,0.3,native,a butterfly,0.19465026259422302,47.07058334350586,0.1725490391254425,0.002686779946088791,-0.0009947195649147034,0.1739807426929474,0.18151870369911194,0.0036814995110034943,-0.007537961006164551,0.0047795698046684265,0.249454066157341
bird_03,mist,0,0.3,native,a butterfly,0.6396572589874268,27.320281982421875,0.0627451241016388,0.00618969090282917,0.03083387017250061,0.17491430044174194,0.21654826402664185,-0.02464417926967144,-0.0416339635848999,0.0047795698046684265,0.6589858531951904
bird_03,mist,1,0.3,native,a butterfly,0.6396572589874268,27.320281982421875,0.0627451241016388,0.0014336621388792992,0.0411485880613327,0.17706669867038727,0.22617150843143463,-0.039714925922453403,-0.04910480976104736,0.0047795698046684265,0.6652401685714722
bird_03,mist,2,0.3,native,a butterfly,0.6396572589874268,27.320281982421875,0.0627451241016388,0.005320347845554352,0.03461899608373642,0.16916295886039734,0.20714321732521057,-0.029298648238182068,-0.03798025846481323,0.0047795698046684265,0.6542488932609558
bird_03,mist,3,0.3,native,a butterfly,0.6396572589874268,27.320281982421875,0.0627451241016388,0.005451709032058716,0.029499605298042297,0.17074859142303467,0.22236746549606323,-0.02404789626598358,-0.051618874073028564,0.0047795698046684265,0.6607034206390381
bird_03,mist,4,0.3,native,a butterfly,0.6396572589874268,27.320281982421875,0.0627451241016388,0.002686779946088791,0.03799677640199661,0.1739807426929474,0.22415870428085327,-0.03530999645590782,-0.050177961587905884,0.0047795698046684265,0.649416983127594
bird_03,dia_r,0,0.3,native,a butterfly,0.3621436357498169,40.94834899902344,0.02352944016456604,0.00618969090282917,0.0029871882870793343,0.17491430044174194,0.18300926685333252,0.003202502615749836,-0.008094966411590576,0.0047795698046684265,0.38241684436798096
bird_03,dia_r,1,0.3,native,a butterfly,0.3621436357498169,40.94834899902344,0.02352944016456604,0.0014336621388792992,0.006694022566080093,0.17706669867038727,0.1904498040676117,-0.005260360427200794,-0.013383105397224426,0.0047795698046684265,0.37390410900115967
bird_03,dia_r,2,0.3,native,a butterfly,0.3621436357498169,40.94834899902344,0.02352944016456604,0.005320347845554352,0.009688002057373524,0.16916295886039734,0.17731186747550964,-0.004367654211819172,-0.008148908615112305,0.0047795698046684265,0.34865713119506836
bird_03,dia_r,3,0.3,native,a butterfly,0.3621436357498169,40.94834899902344,0.02352944016456604,0.005451709032058716,0.006651615723967552,0.17074859142303467,0.16870273649692535,-0.0011999066919088364,0.002045854926109314,0.0047795698046684265,0.3974754214286804
bird_03,dia_r,4,0.3,native,a butterfly,0.3621436357498169,40.94834899902344,0.02352944016456604,0.002686779946088791,0.003888137638568878,0.1739807426929474,0.18220238387584686,-0.0012013576924800873,-0.008221641182899475,0.0047795698046684265,0.37657833099365234
bird_03,R,0,0.3,native,a butterfly,0.01024959422647953,41.92597961425781,0.22745099663734436,0.00618969090282917,0.003802015446126461,0.17491430044174194,0.16760030388832092,0.002387675456702709,0.0073139965534210205,0.0047795698046684265,0.1335756927728653
bird_03,R,1,0.3,native,a butterfly,0.01024959422647953,41.92597961425781,0.22745099663734436,0.0014336621388792992,0.00161037128418684,0.17706669867038727,0.17579017579555511,-0.0001767091453075409,0.0012765228748321533,0.0047795698046684265,0.14030423760414124
bird_03,R,2,0.3,native,a butterfly,0.01024959422647953,41.92597961425781,0.22745099663734436,0.005320347845554352,0.006316803395748138,0.16916295886039734,0.17118634283542633,-0.0009964555501937866,-0.0020233839750289917,0.0047795698046684265,0.1336161196231842
bird_03,R,3,0.3,native,a butterfly,0.01024959422647953,41.92597961425781,0.22745099663734436,0.005451709032058716,0.006720069795846939,0.17074859142303467,0.17025011777877808,-0.0012683607637882233,0.0004984736442565918,0.0047795698046684265,0.1370229870080948
bird_03,R,4,0.3,native,a butterfly,0.01024959422647953,41.92597961425781,0.22745099663734436,0.002686779946088791,0.005248802714049816,0.1739807426929474,0.17775191366672516,-0.0025620227679610252,-0.003771170973777771,0.0047795698046684265,0.1380145251750946
bird_03,N1,0,0.4,native,a butterfly,0.02910183183848858,35.81867599487305,0.5058823823928833,0.005741231143474579,0.0044141849502921104,0.16805879771709442,0.1709357500076294,0.0013270461931824684,-0.002876952290534973,0.0047795698046684265,0.18459782004356384
bird_03,N1,1,0.4,native,a butterfly,0.02910183183848858,35.81867599487305,0.5058823823928833,0.005124339833855629,0.002098068594932556,0.18865126371383667,0.18576163053512573,0.003026271238923073,0.0028896331787109375,0.0047795698046684265,0.18928784132003784
bird_03,N1,2,0.4,native,a butterfly,0.02910183183848858,35.81867599487305,0.5058823823928833,0.010123087093234062,0.01709190383553505,0.17758768796920776,0.17897732555866241,-0.006968816742300987,-0.0013896375894546509,0.0047795698046684265,0.19319114089012146
bird_03,N1,3,0.4,native,a butterfly,0.02910183183848858,35.81867599487305,0.5058823823928833,0.005700613372027874,0.010757865384221077,0.1729665994644165,0.17391034960746765,-0.005057252012193203,-0.0009437501430511475,0.0047795698046684265,0.16891783475875854
bird_03,N1,4,0.4,native,a butterfly,0.02910183183848858,35.81867599487305,0.5058823823928833,0.003827350214123726,0.006385784596204758,0.1786440759897232,0.17914092540740967,-0.002558434382081032,-0.0004968494176864624,0.0047795698046684265,0.18197888135910034
bird_03,N2,0,0.4,native,a butterfly,0.02314170077443123,36.39498519897461,0.6509804129600525,0.005741231143474579,0.009348340332508087,0.16805879771709442,0.18043753504753113,-0.0036071091890335083,-0.012378737330436707,0.0047795698046684265,0.17493200302124023
bird_03,N2,1,0.4,native,a butterfly,0.02314170077443123,36.39498519897461,0.6509804129600525,0.005124339833855629,0.002255307510495186,0.18865126371383667,0.18913200497627258,0.002869032323360443,-0.0004807412624359131,0.0047795698046684265,0.17949450016021729
bird_03,N2,2,0.4,native,a butterfly,0.02314170077443123,36.39498519897461,0.6509804129600525,0.010123087093234062,0.007515557110309601,0.17758768796920776,0.18080583214759827,0.0026075299829244614,-0.003218144178390503,0.0047795698046684265,0.1859196126461029
bird_03,N2,3,0.4,native,a butterfly,0.02314170077443123,36.39498519897461,0.6509804129600525,0.005700613372027874,0.005955778062343597,0.1729665994644165,0.17035934329032898,-0.0002551646903157234,0.0026072561740875244,0.0047795698046684265,0.17387235164642334
bird_03,N2,4,0.4,native,a butterfly,0.02314170077443123,36.39498519897461,0.6509804129600525,0.003827350214123726,0.00526958703994751,0.1786440759897232,0.17694100737571716,-0.0014422368258237839,0.0017030686140060425,0.0047795698046684265,0.17092634737491608
bird_03,N3,0,0.4,native,a butterfly,0.13682344555854797,33.92310333251953,0.4000000059604645,0.005741231143474579,0.0014542322605848312,0.16805879771709442,0.17153114080429077,0.004286998882889748,-0.00347234308719635,0.0047795698046684265,0.12000630795955658
bird_03,N3,1,0.4,native,a butterfly,0.13682344555854797,33.92310333251953,0.4000000059604645,0.005124339833855629,0.005651960149407387,0.18865126371383667,0.19068051874637604,-0.0005276203155517578,-0.0020292550325393677,0.0047795698046684265,0.1339450478553772
bird_03,N3,2,0.4,native,a butterfly,0.13682344555854797,33.92310333251953,0.4000000059604645,0.010123087093234062,0.014314048923552036,0.17758768796920776,0.1830940842628479,-0.004190961830317974,-0.005506396293640137,0.0047795698046684265,0.12434051930904388
bird_03,N3,3,0.4,native,a butterfly,0.13682344555854797,33.92310333251953,0.4000000059604645,0.005700613372027874,0.00556420162320137,0.1729665994644165,0.17561876773834229,0.00013641174882650375,-0.0026521682739257812,0.0047795698046684265,0.12152688950300217
bird_03,N3,4,0.4,native,a butterfly,0.13682344555854797,33.92310333251953,0.4000000059604645,0.003827350214123726,0.002192201092839241,0.1786440759897232,0.17735838890075684,0.0016351491212844849,0.0012856870889663696,0.0047795698046684265,0.11687611043453217
bird_03,photoguard_c,0,0.4,native,a butterfly,0.19465026259422302,47.07058334350586,0.1725490391254425,0.005741231143474579,0.005416436120867729,0.16805879771709442,0.18898537755012512,0.00032479502260684967,-0.0209265798330307,0.0047795698046684265,0.2726908028125763
bird_03,photoguard_c,1,0.4,native,a butterfly,0.19465026259422302,47.07058334350586,0.1725490391254425,0.005124339833855629,0.00543595664203167,0.18865126371383667,0.20804357528686523,-0.00031161680817604065,-0.019392311573028564,0.0047795698046684265,0.2888614535331726
bird_03,photoguard_c,2,0.4,native,a butterfly,0.19465026259422302,47.07058334350586,0.1725490391254425,0.010123087093234062,0.010592030361294746,0.17758768796920776,0.17598599195480347,-0.0004689432680606842,0.0016016960144042969,0.0047795698046684265,0.25514480471611023
bird_03,photoguard_c,3,0.4,native,a butterfly,0.19465026259422302,47.07058334350586,0.1725490391254425,0.005700613372027874,0.008724726736545563,0.1729665994644165,0.1766996681690216,-0.0030241133645176888,-0.0037330687046051025,0.0047795698046684265,0.3027716875076294
bird_03,photoguard_c,4,0.4,native,a butterfly,0.19465026259422302,47.07058334350586,0.1725490391254425,0.003827350214123726,0.0016507860273122787,0.1786440759897232,0.18263232707977295,0.002176564186811447,-0.003988251090049744,0.0047795698046684265,0.26750868558883667
bird_03,mist,0,0.4,native,a butterfly,0.6396572589874268,27.320281982421875,0.0627451241016388,0.005741231143474579,0.09763732552528381,0.16805879771709442,0.2333669364452362,-0.09189609438180923,-0.06530813872814178,0.0047795698046684265,0.6858733892440796
bird_03,mist,1,0.4,native,a butterfly,0.6396572589874268,27.320281982421875,0.0627451241016388,0.005124339833855629,0.054729096591472626,0.18865126371383667,0.229683980345726,-0.049604756757617,-0.04103271663188934,0.0047795698046684265,0.6853346824645996
bird_03,mist,2,0.4,native,a butterfly,0.6396572589874268,27.320281982421875,0.0627451241016388,0.010123087093234062,0.06947627663612366,0.17758768796920776,0.23049956560134888,-0.059353189542889595,-0.05291187763214111,0.0047795698046684265,0.6825289130210876
bird_03,mist,3,0.4,native,a butterfly,0.6396572589874268,27.320281982421875,0.0627451241016388,0.005700613372027874,0.05019485205411911,0.1729665994644165,0.21783027052879333,-0.044494238682091236,-0.04486367106437683,0.0047795698046684265,0.6824462413787842
bird_03,mist,4,0.4,native,a butterfly,0.6396572589874268,27.320281982421875,0.0627451241016388,0.003827350214123726,0.07888668775558472,0.1786440759897232,0.23259277641773224,-0.07505933754146099,-0.05394870042800903,0.0047795698046684265,0.6774576902389526
bird_03,dia_r,0,0.4,native,a butterfly,0.3621436357498169,40.94834899902344,0.02352944016456604,0.005741231143474579,0.005232243798673153,0.16805879771709442,0.18274247646331787,0.0005089873448014259,-0.01468367874622345,0.0047795698046684265,0.3720991015434265
bird_03,dia_r,1,0.4,native,a butterfly,0.3621436357498169,40.94834899902344,0.02352944016456604,0.005124339833855629,0.01082766242325306,0.18865126371383667,0.19072633981704712,-0.00570332258939743,-0.0020750761032104492,0.0047795698046684265,0.38305991888046265
bird_03,dia_r,2,0.4,native,a butterfly,0.3621436357498169,40.94834899902344,0.02352944016456604,0.010123087093234062,0.009937689639627934,0.17758768796920776,0.19075939059257507,0.0001853974536061287,-0.01317170262336731,0.0047795698046684265,0.36348530650138855
bird_03,dia_r,3,0.4,native,a butterfly,0.3621436357498169,40.94834899902344,0.02352944016456604,0.005700613372027874,0.011138100177049637,0.1729665994644165,0.18677228689193726,-0.005437486805021763,-0.013805687427520752,0.0047795698046684265,0.39382317662239075
bird_03,dia_r,4,0.4,native,a butterfly,0.3621436357498169,40.94834899902344,0.02352944016456604,0.003827350214123726,0.006845533847808838,0.1786440759897232,0.18586553633213043,-0.003018183633685112,-0.0072214603424072266,0.0047795698046684265,0.3750395178794861
bird_03,R,0,0.4,native,a butterfly,0.01024959422647953,41.92597961425781,0.22745099663734436,0.005741231143474579,0.006238136440515518,0.16805879771709442,0.1660812646150589,-0.0004969052970409393,0.0019775331020355225,0.0047795698046684265,0.13216304779052734
bird_03,R,1,0.4,native,a butterfly,0.01024959422647953,41.92597961425781,0.22745099663734436,0.005124339833855629,0.002795802429318428,0.18865126371383667,0.18428656458854675,0.002328537404537201,0.004364699125289917,0.0047795698046684265,0.14187756180763245
bird_03,R,2,0.4,native,a butterfly,0.01024959422647953,41.92597961425781,0.22745099663734436,0.010123087093234062,0.00561339408159256,0.17758768796920776,0.17135871946811676,0.004509693011641502,0.006228968501091003,0.0047795698046684265,0.1397792398929596
bird_03,R,3,0.4,native,a butterfly,0.01024959422647953,41.92597961425781,0.22745099663734436,0.005700613372027874,0.005852409638464451,0.1729665994644165,0.17541703581809998,-0.00015179626643657684,-0.0024504363536834717,0.0047795698046684265,0.12162213027477264
bird_03,R,4,0.4,native,a butterfly,0.01024959422647953,41.92597961425781,0.22745099663734436,0.003827350214123726,0.00735069066286087,0.1786440759897232,0.17760397493839264,-0.0035233404487371445,0.0010401010513305664,0.0047795698046684265,0.14157706499099731
bird_03,N1,0,0.5,native,a butterfly,0.02910183183848858,35.81867599487305,0.5058823823928833,0.004501732066273689,0.006834086030721664,0.1749209314584732,0.18865729868412018,-0.002332353964447975,-0.013736367225646973,0.0047795698046684265,0.20755216479301453
bird_03,N1,1,0.5,native,a butterfly,0.02910183183848858,35.81867599487305,0.5058823823928833,0.008947471156716347,0.003040917217731476,0.1886851191520691,0.18001490831375122,0.005906553938984871,0.008670210838317871,0.0047795698046684265,0.19464311003684998
bird_03,N1,2,0.5,native,a butterfly,0.02910183183848858,35.81867599487305,0.5058823823928833,0.03149589151144028,0.035752538591623306,0.1878754049539566,0.19553981721401215,-0.004256647080183029,-0.007664412260055542,0.0047795698046684265,0.196047842502594
bird_03,N1,3,0.5,native,a butterfly,0.02910183183848858,35.81867599487305,0.5058823823928833,0.005812887102365494,0.014151500537991524,0.17496837675571442,0.18757794797420502,-0.00833861343562603,-0.0126095712184906,0.0047795698046684265,0.17274165153503418
bird_03,N1,4,0.5,native,a butterfly,0.02910183183848858,35.81867599487305,0.5058823823928833,0.04710106551647186,0.015050632879137993,0.2245526909828186,0.1953175663948059,0.03205043263733387,0.029235124588012695,0.0047795698046684265,0.1748606413602829
bird_03,N2,0,0.5,native,a butterfly,0.02314170077443123,36.39498519897461,0.6509804129600525,0.004501732066273689,0.014669355005025864,0.1749209314584732,0.18731185793876648,-0.010167622938752174,-0.012390926480293274,0.0047795698046684265,0.16762948036193848
bird_03,N2,1,0.5,native,a butterfly,0.02314170077443123,36.39498519897461,0.6509804129600525,0.008947471156716347,0.00846814550459385,0.1886851191520691,0.18752223253250122,0.00047932565212249756,0.001162886619567871,0.0047795698046684265,0.19883394241333008
bird_03,N2,2,0.5,native,a butterfly,0.02314170077443123,36.39498519897461,0.6509804129600525,0.03149589151144028,0.02729182317852974,0.1878754049539566,0.19221782684326172,0.004204068332910538,-0.004342421889305115,0.0047795698046684265,0.1889832466840744
bird_03,N2,3,0.5,native,a butterfly,0.02314170077443123,36.39498519897461,0.6509804129600525,0.005812887102365494,0.0095065888017416,0.17496837675571442,0.17502839863300323,-0.0036937016993761063,-6.002187728881836e-05,0.0047795698046684265,0.18387238681316376
bird_03,N2,4,0.5,native,a butterfly,0.02314170077443123,36.39498519897461,0.6509804129600525,0.04710106551647186,0.012106481939554214,0.2245526909828186,0.19509705901145935,0.03499458357691765,0.029455631971359253,0.0047795698046684265,0.17887282371520996
bird_03,N3,0,0.5,native,a butterfly,0.13682344555854797,33.92310333251953,0.4000000059604645,0.004501732066273689,0.004001033492386341,0.1749209314584732,0.17980846762657166,0.0005006985738873482,-0.00488753616809845,0.0047795698046684265,0.15558871626853943
bird_03,N3,1,0.5,native,a butterfly,0.13682344555854797,33.92310333251953,0.4000000059604645,0.008947471156716347,0.00914778932929039,0.1886851191520691,0.18447373807430267,-0.00020031817257404327,0.0042113810777664185,0.0047795698046684265,0.16121487319469452
bird_03,N3,2,0.5,native,a butterfly,0.13682344555854797,33.92310333251953,0.4000000059604645,0.03149589151144028,0.03593871742486954,0.1878754049539566,0.18991465866565704,-0.00444282591342926,-0.0020392537117004395,0.0047795698046684265,0.14029332995414734
bird_03,N3,3,0.5,native,a butterfly,0.13682344555854797,33.92310333251953,0.4000000059604645,0.005812887102365494,0.005398457869887352,0.17496837675571442,0.17682865262031555,0.0004144292324781418,-0.0018602758646011353,0.0047795698046684265,0.13231980800628662
bird_03,N3,4,0.5,native,a butterfly,0.13682344555854797,33.92310333251953,0.4000000059604645,0.04710106551647186,0.050404369831085205,0.2245526909828186,0.22988930344581604,-0.0033033043146133423,-0.0053366124629974365,0.0047795698046684265,0.11080503463745117
bird_03,photoguard_c,0,0.5,native,a butterfly,0.19465026259422302,47.07058334350586,0.1725490391254425,0.004501732066273689,0.014403795823454857,0.1749209314584732,0.19372083246707916,-0.009902063757181168,-0.018799901008605957,0.0047795698046684265,0.2937101721763611
bird_03,photoguard_c,1,0.5,native,a butterfly,0.19465026259422302,47.07058334350586,0.1725490391254425,0.008947471156716347,0.018807727843523026,0.1886851191520691,0.19781319797039032,-0.009860256686806679,-0.009128078818321228,0.0047795698046684265,0.3159196674823761
bird_03,photoguard_c,2,0.5,native,a butterfly,0.19465026259422302,47.07058334350586,0.1725490391254425,0.03149589151144028,0.011435027234256268,0.1878754049539566,0.19786757230758667,0.02006086427718401,-0.009992167353630066,0.0047795698046684265,0.27011072635650635
bird_03,photoguard_c,3,0.5,native,a butterfly,0.19465026259422302,47.07058334350586,0.1725490391254425,0.005812887102365494,0.022963685914874077,0.17496837675571442,0.1810150146484375,-0.017150798812508583,-0.0060466378927230835,0.0047795698046684265,0.2885676324367523
bird_03,photoguard_c,4,0.5,native,a butterfly,0.19465026259422302,47.07058334350586,0.1725490391254425,0.04710106551647186,0.049812205135822296,0.2245526909828186,0.23476028442382812,-0.0027111396193504333,-0.010207593441009521,0.0047795698046684265,0.2614496946334839
bird_03,mist,0,0.5,native,a butterfly,0.6396572589874268,27.320281982421875,0.0627451241016388,0.004501732066273689,0.1120535284280777,0.1749209314584732,0.21376031637191772,-0.10755179636180401,-0.03883938491344452,0.0047795698046684265,0.6504242420196533
bird_03,mist,1,0.5,native,a butterfly,0.6396572589874268,27.320281982421875,0.0627451241016388,0.008947471156716347,0.03812933713197708,0.1886851191520691,0.23859484493732452,-0.029181865975260735,-0.04990972578525543,0.0047795698046684265,0.6884711980819702
bird_03,mist,2,0.5,native,a butterfly,0.6396572589874268,27.320281982421875,0.0627451241016388,0.03149589151144028,0.06400743126869202,0.1878754049539566,0.23748773336410522,-0.03251153975725174,-0.04961232841014862,0.0047795698046684265,0.6966279745101929
bird_03,mist,3,0.5,native,a butterfly,0.6396572589874268,27.320281982421875,0.0627451241016388,0.005812887102365494,0.036435388028621674,0.17496837675571442,0.2162918597459793,-0.03062250092625618,-0.04132348299026489,0.0047795698046684265,0.6859612464904785
bird_03,mist,4,0.5,native,a butterfly,0.6396572589874268,27.320281982421875,0.0627451241016388,0.04710106551647186,0.09252749383449554,0.2245526909828186,0.2717318832874298,-0.04542642831802368,-0.047179192304611206,0.0047795698046684265,0.6575407981872559
bird_03,dia_r,0,0.5,native,a butterfly,0.3621436357498169,40.94834899902344,0.02352944016456604,0.004501732066273689,0.015578186139464378,0.1749209314584732,0.18183767795562744,-0.011076454073190689,-0.006916746497154236,0.0047795698046684265,0.3600333333015442
bird_03,dia_r,1,0.5,native,a butterfly,0.3621436357498169,40.94834899902344,0.02352944016456604,0.008947471156716347,0.008668389171361923,0.1886851191520691,0.1869109719991684,0.0002790819853544235,0.0017741471529006958,0.0047795698046684265,0.38584646582603455
bird_03,dia_r,2,0.5,native,a butterfly,0.3621436357498169,40.94834899902344,0.02352944016456604,0.03149589151144028,0.01656910963356495,0.1878754049539566,0.18174675107002258,0.014926781877875328,0.006128653883934021,0.0047795698046684265,0.36495018005371094
bird_03,dia_r,3,0.5,native,a butterfly,0.3621436357498169,40.94834899902344,0.02352944016456604,0.005812887102365494,0.009269144386053085,0.17496837675571442,0.17141705751419067,-0.0034562572836875916,0.0035513192415237427,0.0047795698046684265,0.3667670488357544
bird_03,dia_r,4,0.5,native,a butterfly,0.3621436357498169,40.94834899902344,0.02352944016456604,0.04710106551647186,0.07293086498975754,0.2245526909828186,0.2732318937778473,-0.025829799473285675,-0.048679202795028687,0.0047795698046684265,0.37088897824287415
bird_03,R,0,0.5,native,a butterfly,0.01024959422647953,41.92597961425781,0.22745099663734436,0.004501732066273689,0.005416475236415863,0.1749209314584732,0.17072957754135132,-0.0009147431701421738,0.004191353917121887,0.0047795698046684265,0.14840929210186005
bird_03,R,1,0.5,native,a butterfly,0.01024959422647953,41.92597961425781,0.22745099663734436,0.008947471156716347,0.009597697295248508,0.1886851191520691,0.1785004436969757,-0.0006502261385321617,0.010184675455093384,0.0047795698046684265,0.1414509117603302
bird_03,R,2,0.5,native,a butterfly,0.01024959422647953,41.92597961425781,0.22745099663734436,0.03149589151144028,0.024488862603902817,0.1878754049539566,0.19123195111751556,0.00700702890753746,-0.00335654616355896,0.0047795698046684265,0.15738193690776825
bird_03,R,3,0.5,native,a butterfly,0.01024959422647953,41.92597961425781,0.22745099663734436,0.005812887102365494,0.005787086673080921,0.17496837675571442,0.1743946522474289,2.58004292845726e-05,0.0005737245082855225,0.0047795698046684265,0.12047803401947021
bird_03,R,4,0.5,native,a butterfly,0.01024959422647953,41.92597961425781,0.22745099663734436,0.04710106551647186,0.04204598441720009,0.2245526909828186,0.23943763971328735,0.005055081099271774,-0.01488494873046875,0.0047795698046684265,0.12675383687019348
bird_03,N1,0,0.6,native,a butterfly,0.02910183183848858,35.81867599487305,0.5058823823928833,0.018471622839570045,0.02916250191628933,0.19141638278961182,0.2184450626373291,-0.010690879076719284,-0.027028679847717285,0.0047795698046684265,0.18272390961647034
bird_03,N1,1,0.6,native,a butterfly,0.02910183183848858,35.81867599487305,0.5058823823928833,0.016147861257195473,0.014737576246261597,0.179205983877182,0.18277834355831146,0.001410285010933876,-0.0035723596811294556,0.0047795698046684265,0.18490689992904663
bird_03,N1,2,0.6,native,a butterfly,0.02910183183848858,35.81867599487305,0.5058823823928833,0.09775090217590332,0.10293221473693848,0.2639499604701996,0.2613251507282257,-0.005181312561035156,0.002624809741973877,0.0047795698046684265,0.19400836527347565
bird_03,N1,3,0.6,native,a butterfly,0.02910183183848858,35.81867599487305,0.5058823823928833,0.012966267764568329,0.017561689019203186,0.19057439267635345,0.19271394610404968,-0.004595421254634857,-0.002139553427696228,0.0047795698046684265,0.19926030933856964
bird_03,N1,4,0.6,native,a butterfly,0.02910183183848858,35.81867599487305,0.5058823823928833,0.0693112313747406,0.055443160235881805,0.2548404335975647,0.23372384905815125,0.013868071138858795,0.021116584539413452,0.0047795698046684265,0.19370196759700775
bird_03,N2,0,0.6,native,a butterfly,0.02314170077443123,36.39498519897461,0.6509804129600525,0.018471622839570045,0.04294825345277786,0.19141638278961182,0.22072719037532806,-0.024476630613207817,-0.029310807585716248,0.0047795698046684265,0.15652267634868622
bird_03,N2,1,0.6,native,a butterfly,0.02314170077443123,36.39498519897461,0.6509804129600525,0.016147861257195473,0.015901628881692886,0.179205983877182,0.17938417196273804,0.00024623237550258636,-0.00017818808555603027,0.0047795698046684265,0.1644032895565033
bird_03,N2,2,0.6,native,a butterfly,0.02314170077443123,36.39498519897461,0.6509804129600525,0.09775090217590332,0.10137385129928589,0.2639499604701996,0.2543974816799164,-0.0036229491233825684,0.009552478790283203,0.0047795698046684265,0.20045575499534607
bird_03,N2,3,0.6,native,a butterfly,0.02314170077443123,36.39498519897461,0.6509804129600525,0.012966267764568329,0.020936137065291405,0.19057439267635345,0.19003042578697205,-0.007969869300723076,0.0005439668893814087,0.0047795698046684265,0.18214666843414307
bird_03,N2,4,0.6,native,a butterfly,0.02314170077443123,36.39498519897461,0.6509804129600525,0.0693112313747406,0.06954830884933472,0.2548404335975647,0.24968788027763367,-0.0002370774745941162,0.00515255331993103,0.0047795698046684265,0.15190526843070984
bird_03,N3,0,0.6,native,a butterfly,0.13682344555854797,33.92310333251953,0.4000000059604645,0.018471622839570045,0.020398162305355072,0.19141638278961182,0.19059234857559204,-0.0019265394657850266,0.0008240342140197754,0.0047795698046684265,0.17635799944400787
bird_03,N3,1,0.6,native,a butterfly,0.13682344555854797,33.92310333251953,0.4000000059604645,0.016147861257195473,0.013526124879717827,0.179205983877182,0.17372120916843414,0.002621736377477646,0.005484774708747864,0.0047795698046684265,0.1382375955581665
bird_03,N3,2,0.6,native,a butterfly,0.13682344555854797,33.92310333251953,0.4000000059604645,0.09775090217590332,0.10099641978740692,0.2639499604701996,0.25858134031295776,-0.003245517611503601,0.005368620157241821,0.0047795698046684265,0.17990437150001526
bird_03,N3,3,0.6,native,a butterfly,0.13682344555854797,33.92310333251953,0.4000000059604645,0.012966267764568329,0.012396052479743958,0.19057439267635345,0.19239163398742676,0.0005702152848243713,-0.0018172413110733032,0.0047795698046684265,0.1497603952884674
bird_03,N3,4,0.6,native,a butterfly,0.13682344555854797,33.92310333251953,0.4000000059604645,0.0693112313747406,0.0672651007771492,0.2548404335975647,0.25281116366386414,0.0020461305975914,0.0020292699337005615,0.0047795698046684265,0.12015791237354279
bird_03,photoguard_c,0,0.6,native,a butterfly,0.19465026259422302,47.07058334350586,0.1725490391254425,0.018471622839570045,0.02580052986741066,0.19141638278961182,0.1997266560792923,-0.007328907027840614,-0.008310273289680481,0.0047795698046684265,0.2823825478553772
bird_03,photoguard_c,1,0.6,native,a butterfly,0.19465026259422302,47.07058334350586,0.1725490391254425,0.016147861257195473,0.012767702341079712,0.179205983877182,0.19158801436424255,0.003380158916115761,-0.012382030487060547,0.0047795698046684265,0.3571494221687317
bird_03,photoguard_c,2,0.6,native,a butterfly,0.19465026259422302,47.07058334350586,0.1725490391254425,0.09775090217590332,0.07831714302301407,0.2639499604701996,0.23369592428207397,0.01943375915288925,0.03025403618812561,0.0047795698046684265,0.3432058095932007
bird_03,photoguard_c,3,0.6,native,a butterfly,0.19465026259422302,47.07058334350586,0.1725490391254425,0.012966267764568329,0.016856417059898376,0.19057439267635345,0.18963241577148438,-0.0038901492953300476,0.0009419769048690796,0.0047795698046684265,0.33196231722831726
bird_03,photoguard_c,4,0.6,native,a butterfly,0.19465026259422302,47.07058334350586,0.1725490391254425,0.0693112313747406,0.05433042347431183,0.2548404335975647,0.24549929797649384,0.014980807900428772,0.009341135621070862,0.0047795698046684265,0.2176292985677719
bird_03,mist,0,0.6,native,a butterfly,0.6396572589874268,27.320281982421875,0.0627451241016388,0.018471622839570045,0.10537374764680862,0.19141638278961182,0.29731231927871704,-0.08690212480723858,-0.10589593648910522,0.0047795698046684265,0.611647367477417
bird_03,mist,1,0.6,native,a butterfly,0.6396572589874268,27.320281982421875,0.0627451241016388,0.016147861257195473,0.0393519252538681,0.179205983877182,0.23750147223472595,-0.02320406399667263,-0.058295488357543945,0.0047795698046684265,0.6965811252593994
bird_03,mist,2,0.6,native,a butterfly,0.6396572589874268,27.320281982421875,0.0627451241016388,0.09775090217590332,0.06555856764316559,0.2639499604701996,0.23829856514930725,0.03219233453273773,0.025651395320892334,0.0047795698046684265,0.6637884974479675
bird_03,mist,3,0.6,native,a butterfly,0.6396572589874268,27.320281982421875,0.0627451241016388,0.012966267764568329,0.040694985538721085,0.19057439267635345,0.21385565400123596,-0.027728717774152756,-0.023281261324882507,0.0047795698046684265,0.7214615941047668
bird_03,mist,4,0.6,native,a butterfly,0.6396572589874268,27.320281982421875,0.0627451241016388,0.0693112313747406,0.10204016417264938,0.2548404335975647,0.27700310945510864,-0.03272893279790878,-0.022162675857543945,0.0047795698046684265,0.637377142906189
bird_03,dia_r,0,0.6,native,a butterfly,0.3621436357498169,40.94834899902344,0.02352944016456604,0.018471622839570045,0.01747654192149639,0.19141638278961182,0.18692752718925476,0.0009950809180736542,0.004488855600357056,0.0047795698046684265,0.3346518278121948
bird_03,dia_r,1,0.6,native,a butterfly,0.3621436357498169,40.94834899902344,0.02352944016456604,0.016147861257195473,0.02544776163995266,0.179205983877182,0.1869557797908783,-0.009299900382757187,-0.007749795913696289,0.0047795698046684265,0.39022982120513916
bird_03,dia_r,2,0.6,native,a butterfly,0.3621436357498169,40.94834899902344,0.02352944016456604,0.09775090217590332,0.09812968969345093,0.2639499604701996,0.2513061761856079,-0.0003787875175476074,0.012643784284591675,0.0047795698046684265,0.4654461145401001
bird_03,dia_r,3,0.6,native,a butterfly,0.3621436357498169,40.94834899902344,0.02352944016456604,0.012966267764568329,0.004452272318303585,0.19057439267635345,0.19277739524841309,0.008513995446264744,-0.0022030025720596313,0.0047795698046684265,0.4003446102142334
bird_03,dia_r,4,0.6,native,a butterfly,0.3621436357498169,40.94834899902344,0.02352944016456604,0.0693112313747406,0.06707145273685455,0.2548404335975647,0.25629475712776184,0.0022397786378860474,-0.0014543235301971436,0.0047795698046684265,0.3482660949230194
bird_03,R,0,0.6,native,a butterfly,0.01024959422647953,41.92597961425781,0.22745099663734436,0.018471622839570045,0.02423781156539917,0.19141638278961182,0.193624347448349,-0.0057661887258291245,-0.0022079646587371826,0.0047795698046684265,0.11633329838514328
bird_03,R,1,0.6,native,a butterfly,0.01024959422647953,41.92597961425781,0.22745099663734436,0.016147861257195473,0.012329649180173874,0.179205983877182,0.17967316508293152,0.003818212077021599,-0.0004671812057495117,0.0047795698046684265,0.1376025676727295
bird_03,R,2,0.6,native,a butterfly,0.01024959422647953,41.92597961425781,0.22745099663734436,0.09775090217590332,0.10808232426643372,0.2639499604701996,0.25355201959609985,-0.010331422090530396,0.010397940874099731,0.0047795698046684265,0.18810823559761047
bird_03,R,3,0.6,native,a butterfly,0.01024959422647953,41.92597961425781,0.22745099663734436,0.012966267764568329,0.0163725633174181,0.19057439267635345,0.19939382374286652,-0.0034062955528497696,-0.008819431066513062,0.0047795698046684265,0.13135579228401184
bird_03,R,4,0.6,native,a butterfly,0.01024959422647953,41.92597961425781,0.22745099663734436,0.0693112313747406,0.06958303600549698,0.2548404335975647,0.2551092505455017,-0.0002718046307563782,-0.0002688169479370117,0.0047795698046684265,0.12009528279304504
bird_03,N1,0,0.8,native,a butterfly,0.02910183183848858,35.81867599487305,0.5058823823928833,0.11440495401620865,0.11383111774921417,0.27039778232574463,0.2752193510532379,0.0005738362669944763,-0.004821568727493286,0.0047795698046684265,0.13048066198825836
bird_03,N1,1,0.8,native,a butterfly,0.02910183183848858,35.81867599487305,0.5058823823928833,0.10600206255912781,0.10996943712234497,0.27773743867874146,0.27660661935806274,-0.003967374563217163,0.001130819320678711,0.0047795698046684265,0.27288690209388733
bird_03,N1,2,0.8,native,a butterfly,0.02910183183848858,35.81867599487305,0.5058823823928833,0.1126025840640068,0.11332759261131287,0.2743377387523651,0.2729461193084717,-0.0007250085473060608,0.0013916194438934326,0.0047795698046684265,0.13765820860862732
bird_03,N1,3,0.8,native,a butterfly,0.02910183183848858,35.81867599487305,0.5058823823928833,0.02906261570751667,0.016458777710795403,0.22526875138282776,0.2077590972185135,0.012603837996721268,0.01750965416431427,0.0047795698046684265,0.22903943061828613
bird_03,N1,4,0.8,native,a butterfly,0.02910183183848858,35.81867599487305,0.5058823823928833,0.10545789450407028,0.10235793888568878,0.2748677134513855,0.27698594331741333,0.0030999556183815002,-0.002118229866027832,0.0047795698046684265,0.1391989290714264
bird_03,N2,0,0.8,native,a butterfly,0.02314170077443123,36.39498519897461,0.6509804129600525,0.11440495401620865,0.11366023123264313,0.27039778232574463,0.2658397853374481,0.0007447227835655212,0.004557996988296509,0.0047795698046684265,0.11343890428543091
bird_03,N2,1,0.8,native,a butterfly,0.02314170077443123,36.39498519897461,0.6509804129600525,0.10600206255912781,0.10109405219554901,0.27773743867874146,0.2839810848236084,0.004908010363578796,-0.006243646144866943,0.0047795698046684265,0.249454066157341
bird_03,N2,2,0.8,native,a butterfly,0.02314170077443123,36.39498519897461,0.6509804129600525,0.1126025840640068,0.11226651072502136,0.2743377387523651,0.27443328499794006,0.0003360733389854431,-9.554624557495117e-05,0.0047795698046684265,0.11734643578529358
bird_03,N2,3,0.8,native,a butterfly,0.02314170077443123,36.39498519897461,0.6509804129600525,0.02906261570751667,0.020039396360516548,0.22526875138282776,0.20532676577568054,0.009023219347000122,0.019941985607147217,0.0047795698046684265,0.24479234218597412
bird_03,N2,4,0.8,native,a butterfly,0.02314170077443123,36.39498519897461,0.6509804129600525,0.10545789450407028,0.10215175151824951,0.2748677134513855,0.27090945839881897,0.0033061429858207703,0.003958255052566528,0.0047795698046684265,0.15786829590797424
bird_03,N3,0,0.8,native,a butterfly,0.13682344555854797,33.92310333251953,0.4000000059604645,0.11440495401620865,0.11622323095798492,0.27039778232574463,0.2661440968513489,-0.0018182769417762756,0.004253685474395752,0.0047795698046684265,0.1452074944972992
bird_03,N3,1,0.8,native,a butterfly,0.13682344555854797,33.92310333251953,0.4000000059604645,0.10600206255912781,0.10718255490064621,0.27773743867874146,0.2752673625946045,-0.001180492341518402,0.002470076084136963,0.0047795698046684265,0.15760421752929688
bird_03,N3,2,0.8,native,a butterfly,0.13682344555854797,33.92310333251953,0.4000000059604645,0.1126025840640068,0.11085167527198792,0.2743377387523651,0.27480167150497437,0.0017509087920188904,-0.00046393275260925293,0.0047795698046684265,0.11100532114505768
bird_03,N3,3,0.8,native,a butterfly,0.13682344555854797,33.92310333251953,0.4000000059604645,0.02906261570751667,0.01926920935511589,0.22526875138282776,0.214927077293396,0.00979340635240078,0.010341674089431763,0.0047795698046684265,0.23571529984474182
bird_03,N3,4,0.8,native,a butterfly,0.13682344555854797,33.92310333251953,0.4000000059604645,0.10545789450407028,0.10236100852489471,0.2748677134513855,0.27621394395828247,0.0030968859791755676,-0.0013462305068969727,0.0047795698046684265,0.13981173932552338
bird_03,photoguard_c,0,0.8,native,a butterfly,0.19465026259422302,47.07058334350586,0.1725490391254425,0.11440495401620865,0.11071176826953888,0.27039778232574463,0.267207533121109,0.0036931857466697693,0.00319024920463562,0.0047795698046684265,0.23387831449508667
bird_03,photoguard_c,1,0.8,native,a butterfly,0.19465026259422302,47.07058334350586,0.1725490391254425,0.10600206255912781,0.11113102734088898,0.27773743867874146,0.27362358570098877,-0.005128964781761169,0.0041138529777526855,0.0047795698046684265,0.24177776277065277
bird_03,photoguard_c,2,0.8,native,a butterfly,0.19465026259422302,47.07058334350586,0.1725490391254425,0.1126025840640068,0.11233225464820862,0.2743377387523651,0.27419549226760864,0.00027032941579818726,0.00014224648475646973,0.0047795698046684265,0.18228554725646973
bird_03,photoguard_c,3,0.8,native,a butterfly,0.19465026259422302,47.07058334350586,0.1725490391254425,0.02906261570751667,0.02264905720949173,0.22526875138282776,0.2093946635723114,0.0064135584980249405,0.015874087810516357,0.0047795698046684265,0.3692748546600342
bird_03,photoguard_c,4,0.8,native,a butterfly,0.19465026259422302,47.07058334350586,0.1725490391254425,0.10545789450407028,0.10121603310108185,0.2748677134513855,0.27553802728652954,0.004241861402988434,-0.000670313835144043,0.0047795698046684265,0.25870198011398315
bird_03,mist,0,0.8,native,a butterfly,0.6396572589874268,27.320281982421875,0.0627451241016388,0.11440495401620865,0.10613426566123962,0.27039778232574463,0.26579549908638,0.008270688354969025,0.004602283239364624,0.0047795698046684265,0.5904754400253296
bird_03,mist,1,0.8,native,a butterfly,0.6396572589874268,27.320281982421875,0.0627451241016388,0.10600206255912781,0.06393714994192123,0.27773743867874146,0.2860676348209381,0.042064912617206573,-0.008330196142196655,0.0047795698046684265,0.6721732020378113
bird_03,mist,2,0.8,native,a butterfly,0.6396572589874268,27.320281982421875,0.0627451241016388,0.1126025840640068,0.09083295613527298,0.2743377387523651,0.2896062135696411,0.021769627928733826,-0.015268474817276001,0.0047795698046684265,0.6378827691078186
bird_03,mist,3,0.8,native,a butterfly,0.6396572589874268,27.320281982421875,0.0627451241016388,0.02906261570751667,0.07323694229125977,0.22526875138282776,0.2698158025741577,-0.044174326583743095,-0.044547051191329956,0.0047795698046684265,0.6654937267303467
bird_03,mist,4,0.8,native,a butterfly,0.6396572589874268,27.320281982421875,0.0627451241016388,0.10545789450407028,0.09625135362148285,0.2748677134513855,0.2780734598636627,0.009206540882587433,-0.0032057464122772217,0.0047795698046684265,0.5292112231254578
bird_03,dia_r,0,0.8,native,a butterfly,0.3621436357498169,40.94834899902344,0.02352944016456604,0.11440495401620865,0.11000491678714752,0.27039778232574463,0.267325222492218,0.004400037229061127,0.0030725598335266113,0.0047795698046684265,0.276748925447464
bird_03,dia_r,1,0.8,native,a butterfly,0.3621436357498169,40.94834899902344,0.02352944016456604,0.10600206255912781,0.1072332113981247,0.27773743867874146,0.26849424839019775,-0.0012311488389968872,0.009243190288543701,0.0047795698046684265,0.41333794593811035
bird_03,dia_r,2,0.8,native,a butterfly,0.3621436357498169,40.94834899902344,0.02352944016456604,0.1126025840640068,0.10128194093704224,0.2743377387523651,0.28659355640411377,0.011320643126964569,-0.012255817651748657,0.0047795698046684265,0.4727589786052704
bird_03,dia_r,3,0.8,native,a butterfly,0.3621436357498169,40.94834899902344,0.02352944016456604,0.02906261570751667,0.01827387511730194,0.22526875138282776,0.22087854146957397,0.01078874059021473,0.004390209913253784,0.0047795698046684265,0.40551164746284485
bird_03,dia_r,4,0.8,native,a butterfly,0.3621436357498169,40.94834899902344,0.02352944016456604,0.10545789450407028,0.10422925651073456,0.2748677134513855,0.27230703830718994,0.0012286379933357239,0.0025606751441955566,0.0047795698046684265,0.3132823705673218
bird_03,R,0,0.8,native,a butterfly,0.01024959422647953,41.92597961425781,0.22745099663734436,0.11440495401620865,0.11463785171508789,0.27039778232574463,0.2711077928543091,-0.00023289769887924194,-0.0007100105285644531,0.0047795698046684265,0.10061810165643692
bird_03,R,1,0.8,native,a butterfly,0.01024959422647953,41.92597961425781,0.22745099663734436,0.10600206255912781,0.11264115571975708,0.27773743867874146,0.2755337953567505,-0.0066390931606292725,0.002203643321990967,0.0047795698046684265,0.2485913634300232
bird_03,R,2,0.8,native,a butterfly,0.01024959422647953,41.92597961425781,0.22745099663734436,0.1126025840640068,0.1135367751121521,0.2743377387523651,0.2736380100250244,-0.0009341910481452942,0.0006997287273406982,0.0047795698046684265,0.09848548471927643
bird_03,R,3,0.8,native,a butterfly,0.01024959422647953,41.92597961425781,0.22745099663734436,0.02906261570751667,0.034555766731500626,0.22526875138282776,0.2764808237552643,-0.005493151023983955,-0.05121207237243652,0.0047795698046684265,0.23301902413368225
bird_03,R,4,0.8,native,a butterfly,0.01024959422647953,41.92597961425781,0.22745099663734436,0.10545789450407028,0.10078786313533783,0.2748677134513855,0.2703545093536377,0.004670031368732452,0.004513204097747803,0.0047795698046684265,0.12196618318557739
