image,condition,radius,seconds,psnr,linf,ssim,vif_p,fsim,lpips,dists,acutance_ratio,rms,frac_gt_16_255,haarpsi,gmsd,ms_ssim,mdsi,niqe,brisque,niqe_orig,brisque_orig,amp_dev,active_fraction
bird_03,phase,0.15,18.2,51.01656,0.05265,0.99908,0.95105,0.99855,0.01081,0.00231,0.9946,0.00281,0.0,0.99367,0.00355,0.99952,0.11747,3.6029,9.5508,3.6502,9.2986,0.00194,0.4617
bird_03,phase,0.25,18.1,46.90429,0.10671,0.99768,0.90211,0.99649,0.02825,0.00424,0.98813,0.00452,3e-05,0.98518,0.0073,0.9988,0.14691,3.5965,10.2289,3.6502,9.2986,0.00314,0.4617
bird_03,phase,0.4,18.1,43.29205,0.17249,0.99467,0.83294,0.99228,0.06085,0.00667,0.97464,0.00684,0.00026,0.96868,0.01375,0.99723,0.17832,3.6516,11.0677,3.6502,9.2986,0.00486,0.4617
bird_03,phase,0.6,18.2,40.18509,0.23244,0.98927,0.75391,0.98529,0.10428,0.01037,0.95031,0.00979,0.00146,0.9424,0.02376,0.99437,0.20889,3.5755,11.8012,3.6502,9.2986,0.00718,0.4617
bird_03,phase,0.9,18.1,37.29221,0.30764,0.97903,0.66528,0.97368,0.15225,0.01764,0.90602,0.01366,0.00571,0.90249,0.03831,0.98897,0.24148,3.6629,12.7715,3.6502,9.2986,0.01056,0.4617
bird_03,phase,1.3,18.2,34.96845,0.34314,0.96448,0.58653,0.95924,0.19226,0.02679,0.84311,0.01785,0.01393,0.85588,0.0543,0.98107,0.26725,3.7962,13.5529,3.6502,9.2986,0.01456,0.4617
bird_03,phase,1.8,18.2,33.0515,0.37118,0.94448,0.52048,0.94203,0.22395,0.03388,0.76949,0.02225,0.02672,0.80857,0.07176,0.97014,0.2905,3.9216,15.3819,3.6502,9.2986,0.01913,0.4617
bird_03,phase,2.4,18.2,31.51497,0.44483,0.92414,0.46765,0.9255,0.24684,0.0545,0.68877,0.02656,0.03912,0.76452,0.08717,0.9585,0.30841,4.1759,15.7261,3.6502,9.2986,0.02387,0.4617
bird_03,phase,3.14159,18.2,30.67672,0.4377,0.90676,0.43328,0.91127,0.26774,0.06719,0.62767,0.02925,0.04951,0.73521,0.0985,0.94876,0.32013,4.3593,17.3027,3.6502,9.2986,0.02699,0.4617
bird_03,add,0.00196,17.9,55.16907,0.00196,0.99941,0.97892,0.99987,0.09291,0.00091,0.99511,0.00174,0.0,0.99917,0.00026,0.9997,0.07405,3.7472,10.1796,3.6502,9.2986,,
bird_03,add,0.00392,18.0,49.52741,0.00392,0.99803,0.92632,0.99952,0.19299,0.00853,0.98919,0.00334,0.0,0.99708,0.00084,0.99895,0.09902,3.7333,8.9581,3.6502,9.2986,,
bird_03,add,0.00784,18.0,44.2421,0.00784,0.99367,0.8164,0.99821,0.30791,0.02715,0.978,0.00614,0.0,0.99013,0.00279,0.9965,0.13268,3.6082,9.6736,3.6502,9.2986,,
bird_03,add,0.01176,18.0,41.34788,0.01176,0.98792,0.73047,0.99628,0.36827,0.03728,0.96743,0.00856,0.0,0.98031,0.00539,0.99331,0.15653,3.603,10.5583,3.6502,9.2986,,
bird_03,add,0.01961,18.0,37.85501,0.01961,0.97417,0.60775,0.99136,0.44095,0.05264,0.94991,0.0128,0.0,0.95615,0.01207,0.98557,0.19315,3.968,14.7923,3.6502,9.2986,,
bird_03,add,0.03137,17.9,34.61199,0.03137,0.95,0.48464,0.9826,0.50319,0.07165,0.93861,0.01859,0.0,0.91568,0.02366,0.97185,0.23235,4.6967,24.3088,3.6502,9.2986,,
bird_03,add,0.04706,17.9,31.76139,0.04706,0.91184,0.38125,0.97036,0.5536,0.09399,0.94864,0.02582,0.0,0.8547,0.04035,0.9499,0.27036,5.4132,31.9881,3.6502,9.2986,,
bird_03,add,0.07059,17.9,28.87609,0.07059,0.84667,0.2882,0.95057,0.60638,0.11953,1.00584,0.03599,0.10403,0.77285,0.06553,0.91069,0.31431,5.8785,41.5959,3.6502,9.2986,,
bird_03,add,0.10196,17.9,26.20511,0.10196,0.75937,0.2165,0.92089,0.65139,0.15235,1.12795,0.04895,0.22969,0.6758,0.09694,0.85547,0.35924,7.2328,49.5358,3.6502,9.2986,,
cat_02,phase,0.15,18.2,48.74684,0.05127,0.99902,0.95007,0.99872,0.01772,0.00304,0.99554,0.00365,0.0,0.9949,0.00304,0.9995,0.11946,4.0796,16.9598,4.145,16.7221,0.00288,0.5549
cat_02,phase,0.25,18.2,44.65396,0.08478,0.99747,0.89816,0.99692,0.0467,0.00575,0.98977,0.00585,1e-05,0.98749,0.00647,0.99871,0.1497,4.0581,17.3207,4.145,16.7221,0.00463,0.5549
cat_02,phase,0.4,18.2,40.86587,0.10588,0.99401,0.82306,0.99334,0.10465,0.01389,0.97679,0.00905,0.00014,0.97198,0.01316,0.99695,0.1828,4.008,18.2888,4.145,16.7221,0.00723,0.5549
cat_02,phase,0.6,18.2,37.70846,0.11418,0.98783,0.73946,0.98758,0.17894,0.01935,0.95333,0.01302,0.00117,0.9473,0.02284,0.99377,0.21408,4.0265,19.6347,4.145,16.7221,0.0107,0.5549
cat_02,phase,0.9,18.2,34.64262,0.17202,0.97547,0.64252,0.97764,0.26111,0.02551,0.90921,0.01853,0.00768,0.90656,0.03804,0.9874,0.24816,4.217,21.1224,4.145,16.7221,0.01578,0.5549
cat_02,phase,1.3,18.2,32.07347,0.22015,0.95531,0.55096,0.96406,0.33249,0.03831,0.83913,0.02491,0.02685,0.85634,0.05594,0.97699,0.27919,4.1566,23.3354,4.145,16.7221,0.02229,0.5549
cat_02,phase,1.8,18.2,30.03395,0.2762,0.9272,0.47466,0.94829,0.39202,0.05515,0.74965,0.0315,0.05892,0.80594,0.07567,0.96229,0.30534,4.396,25.8906,4.145,16.7221,0.02962,0.5549
cat_02,phase,2.4,18.2,28.50281,0.32599,0.8934,0.41332,0.9308,0.43513,0.07442,0.6572,0.03757,0.09599,0.75886,0.09431,0.94446,0.32595,4.5479,27.457,4.145,16.7221,0.03713,0.5549
cat_02,phase,3.14159,18.2,27.32793,0.43114,0.85588,0.36369,0.91345,0.46954,0.09517,0.57092,0.04301,0.13305,0.71992,0.10956,0.92358,0.33993,5.0318,27.0405,4.145,16.7221,0.04433,0.5549
cat_02,add,0.00196,18.0,54.81826,0.00196,0.9998,0.98872,0.99992,0.01047,0.00278,0.99509,0.00181,0.0,0.99953,0.00012,0.99989,0.05873,4.1252,17.1526,4.145,16.7221,,
cat_02,add,0.00392,18.0,48.96909,0.00392,0.99925,0.9583,0.99971,0.04279,0.00469,0.98989,0.00356,0.0,0.99828,0.00044,0.99959,0.08174,4.1522,17.8192,4.145,16.7221,,
cat_02,add,0.00784,17.9,43.25723,0.00784,0.99725,0.87822,0.99893,0.15144,0.0104,0.97837,0.00687,0.0,0.99367,0.00157,0.99849,0.1131,4.1547,18.9804,4.145,16.7221,,
cat_02,add,0.01176,18.0,40.00522,0.01176,0.99417,0.80289,0.99773,0.25345,0.01854,0.96376,0.00999,0.0,0.98641,0.0033,0.99679,0.13662,4.2794,20.6096,4.145,16.7221,,
cat_02,add,0.01961,17.9,36.14812,0.01961,0.9856,0.69286,0.99418,0.3707,0.03362,0.9306,0.01558,0.0,0.96594,0.00807,0.99205,0.1724,4.3912,22.8286,4.145,16.7221,,
cat_02,add,0.03137,18.0,32.99806,0.03137,0.96912,0.59166,0.9872,0.44425,0.05526,0.88597,0.02239,0.0,0.92923,0.01764,0.98303,0.21116,4.7784,26.8024,4.145,16.7221,,
cat_02,add,0.04706,17.9,30.34101,0.04706,0.94358,0.50019,0.97606,0.49997,0.08049,0.84917,0.03041,0.0,0.87797,0.03162,0.96908,0.24743,4.8582,30.0944,4.145,16.7221,,
cat_02,add,0.07059,18.0,27.64252,0.07059,0.90103,0.40575,0.95861,0.54358,0.11406,0.82095,0.04148,0.1649,0.80816,0.05095,0.94546,0.28415,5.4358,35.4374,4.145,16.7221,,
cat_02,add,0.10196,17.9,25.2826,0.10196,0.84572,0.3259,0.9375,0.5865,0.16258,0.84757,0.05443,0.30352,0.73684,0.0711,0.91393,0.31622,5.9328,40.0068,4.145,16.7221,,
dog_03,phase,0.15,18.2,46.21656,0.06954,0.99862,0.92625,0.99761,0.0127,0.00257,0.99374,0.00489,1e-05,0.98982,0.00678,0.99933,0.14235,2.4474,0.8786,2.4454,0.688,0.00313,0.4764
dog_03,phase,0.25,18.2,42.1061,0.10761,0.99654,0.86742,0.99446,0.03284,0.00461,0.98558,0.00785,0.00019,0.97658,0.01452,0.99831,0.17581,2.4616,1.1574,2.4454,0.688,0.00509,0.4764
dog_03,phase,0.4,18.2,38.41056,0.14496,0.99202,0.79211,0.98875,0.07392,0.00716,0.96715,0.01201,0.00242,0.95237,0.02608,0.9961,0.21181,2.4592,1.2938,2.4454,0.688,0.00801,0.4764
dog_03,phase,0.6,18.2,35.32532,0.20201,0.98416,0.71603,0.98036,0.12607,0.01254,0.935,0.01713,0.01087,0.91866,0.03985,0.99221,0.24312,2.4838,2.1182,2.4454,0.688,0.01174,0.4764
dog_03,phase,0.9,18.2,32.48002,0.23682,0.96997,0.63802,0.96778,0.18463,0.02058,0.87924,0.02377,0.0321,0.8741,0.05965,0.98519,0.27477,2.5299,3.5966,2.4454,0.688,0.01701,0.4764
dog_03,phase,1.3,18.2,30.01365,0.39345,0.94719,0.56511,0.95215,0.23957,0.03505,0.79725,0.03157,0.06561,0.82237,0.08043,0.97368,0.30291,2.7169,6.3307,2.4454,0.688,0.02372,0.4764
dog_03,phase,1.8,18.2,28.07838,0.45918,0.91713,0.50361,0.93407,0.28571,0.05484,0.70735,0.03945,0.10243,0.77086,0.10148,0.95832,0.32597,2.9089,8.7239,2.4454,0.688,0.03131,0.4764
dog_03,phase,2.4,18.2,26.72591,0.46101,0.88307,0.45557,0.91658,0.32532,0.07297,0.62153,0.0461,0.13626,0.72769,0.1182,0.94043,0.34404,3.1668,11.2228,2.4454,0.688,0.03842,0.4764
dog_03,phase,3.14159,18.2,25.76362,0.51108,0.85423,0.4197,0.9022,0.35328,0.10057,0.56834,0.0515,0.16128,0.69349,0.13116,0.92407,0.35515,3.2923,15.0908,2.4454,0.688,0.04382,0.4764
dog_03,add,0.00196,18.0,54.86592,0.00196,0.9997,0.98714,0.99989,0.03809,0.00037,0.99714,0.0018,0.0,0.99932,0.00024,0.99984,0.06854,2.4167,1.0004,2.4454,0.688,,
dog_03,add,0.00392,18.0,49.10566,0.00392,0.99888,0.95568,0.99959,0.11293,0.00122,0.9936,0.0035,0.0,0.99752,0.00084,0.99942,0.09486,2.3673,0.5428,2.4454,0.688,,
dog_03,add,0.00784,18.0,43.5089,0.00784,0.99622,0.87831,0.99851,0.22011,0.0044,0.98512,0.00668,0.0,0.9912,0.00281,0.998,0.12993,2.333,-0.3565,2.4454,0.688,,
dog_03,add,0.01176,18.0,40.35392,0.01176,0.99257,0.8089,0.99702,0.29277,0.00883,0.97581,0.0096,0.0,0.98167,0.00541,0.99604,0.15434,2.3067,-0.1741,2.4454,0.688,,
dog_03,add,0.01961,18.0,36.45693,0.01961,0.98293,0.70389,0.99286,0.38113,0.02013,0.95517,0.01504,0.0,0.95519,0.01174,0.99091,0.19001,2.5012,0.5224,2.4454,0.688,,
dog_03,add,0.03137,18.0,33.13444,0.03137,0.96527,0.60293,0.98541,0.45048,0.03855,0.92376,0.02204,0.0,0.91247,0.02209,0.98161,0.22599,2.8905,3.5988,2.4454,0.688,,
dog_03,add,0.04706,17.9,30.35649,0.04706,0.93797,0.51081,0.97395,0.51014,0.06149,0.89062,0.03035,0.0,0.85433,0.03655,0.96724,0.26025,3.4776,8.9728,2.4454,0.688,,
dog_03,add,0.07059,17.9,27.61737,0.07059,0.89297,0.4217,0.95664,0.56401,0.09264,0.86479,0.0416,0.17575,0.7757,0.05702,0.9432,0.29665,4.2643,17.1,2.4454,0.688,,
dog_03,add,0.10196,18.0,25.03332,0.10196,0.83085,0.33513,0.93199,0.60549,0.12348,0.8858,0.05602,0.32026,0.69339,0.08132,0.90863,0.33215,5.3137,28.4606,2.4454,0.688,,
horse_00,phase,0.15,18.2,49.54456,0.05068,0.99884,0.93436,0.99877,0.02175,0.0021,0.99224,0.00333,0.0,0.99478,0.00239,0.99941,0.1162,3.9005,0.3969,3.8447,-0.3466,0.0025,0.4655
horse_00,phase,0.25,18.2,45.32211,0.07253,0.99694,0.87029,0.99682,0.06192,0.00427,0.98167,0.00542,2e-05,0.98667,0.00583,0.99845,0.1468,3.9329,0.9122,3.8447,-0.3466,0.00409,0.4655
horse_00,phase,0.4,18.1,41.60168,0.11494,0.99276,0.7883,0.99286,0.11894,0.0095,0.95907,0.00832,0.00027,0.96925,0.01268,0.99636,0.17988,3.9952,1.6518,3.8447,-0.3466,0.00635,0.4655
horse_00,phase,0.6,18.2,38.61437,0.15646,0.98548,0.70573,0.98645,0.16741,0.01892,0.92356,0.01173,0.00173,0.94332,0.02219,0.99266,0.21087,4.0275,2.883,3.8447,-0.3466,0.00913,0.4655
horse_00,phase,0.9,18.2,35.91533,0.23716,0.97247,0.62053,0.97676,0.20783,0.02941,0.86296,0.016,0.00723,0.90827,0.03459,0.98587,0.24066,4.0825,4.2446,3.8447,-0.3466,0.01289,0.4655
horse_00,phase,1.3,18.2,33.75389,0.29191,0.9529,0.54491,0.9637,0.23902,0.05075,0.78634,0.02053,0.01951,0.86464,0.05005,0.97577,0.26891,4.2036,6.7248,3.8447,-0.3466,0.01725,0.4655
horse_00,phase,1.8,18.2,32.15691,0.33158,0.92929,0.48689,0.9503,0.26602,0.06466,0.71337,0.02467,0.03629,0.82489,0.0646,0.96321,0.29047,4.1844,8.4826,3.8447,-0.3466,0.02154,0.4655
horse_00,phase,2.4,18.2,31.0026,0.38417,0.90458,0.44346,0.93747,0.28457,0.09012,0.63698,0.02818,0.05251,0.79021,0.07764,0.94979,0.30724,4.3299,10.7905,3.8447,-0.3466,0.02542,0.4655
horse_00,phase,3.14159,18.2,30.17018,0.38512,0.88346,0.41037,0.92629,0.29865,0.10861,0.58362,0.03101,0.06638,0.75813,0.08838,0.93838,0.31942,4.1984,11.9462,3.8447,-0.3466,0.02845,0.4655
horse_00,add,0.00196,18.0,55.29041,0.00196,0.99933,0.98142,0.99978,0.06732,0.0037,0.99381,0.00172,0.0,0.99872,0.00041,0.99966,0.08166,3.8298,-2.3487,3.8447,-0.3466,,
horse_00,add,0.00392,18.0,49.61968,0.00392,0.99779,0.93505,0.99925,0.1608,0.00927,0.98733,0.0033,0.0,0.99596,0.00129,0.99885,0.10905,3.9299,-4.2806,3.8447,-0.3466,,
horse_00,add,0.00784,18.0,44.07157,0.00784,0.99298,0.8219,0.99754,0.27736,0.02176,0.97445,0.00626,0.0,0.98683,0.00364,0.99623,0.14205,3.9468,-2.275,3.8447,-0.3466,,
horse_00,add,0.01176,18.0,40.97575,0.01176,0.98634,0.72379,0.99531,0.3626,0.03387,0.9608,0.00894,0.0,0.97428,0.0065,0.9926,0.16526,4.1155,1.7601,3.8447,-0.3466,,
horse_00,add,0.01961,18.0,37.39806,0.01961,0.9705,0.58883,0.98985,0.45255,0.05736,0.93649,0.01349,0.0,0.94568,0.01243,0.98384,0.19684,4.4078,9.2983,3.8447,-0.3466,,
horse_00,add,0.03137,18.0,34.25002,0.03137,0.94215,0.46101,0.97983,0.51627,0.08243,0.91667,0.01939,0.0,0.89698,0.02379,0.96806,0.23373,4.6239,18.1486,3.8447,-0.3466,,
horse_00,add,0.04706,17.9,31.55449,0.04706,0.89859,0.35688,0.96518,0.5631,0.1074,0.91704,0.02644,0.0,0.8355,0.03948,0.94312,0.26879,5.0768,31.3047,3.8447,-0.3466,,
horse_00,add,0.07059,18.0,28.84005,0.07059,0.82579,0.26163,0.9401,0.60516,0.15599,0.96704,0.03614,0.10284,0.74583,0.0643,0.90008,0.31066,5.4848,43.4135,3.8447,-0.3466,,
horse_00,add,0.10196,18.0,26.28882,0.10196,0.72855,0.18879,0.90822,0.64306,0.20017,1.10968,0.04848,0.22507,0.66014,0.09318,0.83892,0.35164,5.9414,53.9163,3.8447,-0.3466,,
man_00,phase,0.15,18.2,55.16996,0.04434,0.99963,0.97643,0.99933,0.00404,0.00098,0.99771,0.00174,0.0,0.99664,0.00247,0.99982,0.1013,5.1528,32.8207,5.1678,33.2122,0.00108,0.279
man_00,phase,0.25,18.2,51.23129,0.05853,0.99911,0.95209,0.99852,0.00969,0.00241,0.99445,0.00274,0.0,0.99248,0.00518,0.99957,0.12437,5.094,32.6542,5.1678,33.2122,0.00171,0.279
man_00,phase,0.4,18.2,47.66148,0.09529,0.99804,0.91442,0.99688,0.02238,0.00533,0.98615,0.00414,9e-05,0.98461,0.00938,0.99904,0.1493,5.0568,32.5806,5.1678,33.2122,0.00265,0.279
man_00,phase,0.6,18.2,44.51725,0.17193,0.99624,0.86577,0.99427,0.04356,0.00903,0.97216,0.00594,0.00059,0.97183,0.0154,0.99814,0.17373,5.0604,32.8138,5.1678,33.2122,0.00385,0.279
man_00,phase,0.9,18.2,41.81233,0.30047,0.99315,0.80934,0.99035,0.07424,0.01678,0.94747,0.00812,0.00183,0.95505,0.02186,0.99657,0.19753,4.9526,32.7341,5.1678,33.2122,0.00543,0.279
man_00,phase,1.3,18.2,39.50325,0.35014,0.98859,0.74997,0.98503,0.10933,0.02926,0.914,0.01059,0.0042,0.93413,0.03064,0.99422,0.21944,4.9493,33.1371,5.1678,33.2122,0.00734,0.279
man_00,phase,1.8,18.2,37.51094,0.39984,0.98255,0.69128,0.97787,0.14027,0.04231,0.87371,0.01332,0.00823,0.90569,0.04127,0.99106,0.2406,4.8235,33.4086,5.1678,33.2122,0.00942,0.279
man_00,phase,2.4,18.2,36.17236,0.35085,0.97642,0.64676,0.97219,0.16855,0.05241,0.83357,0.01554,0.01222,0.88661,0.04919,0.9878,0.25361,4.9031,33.9443,5.1678,33.2122,0.01104,0.279
man_00,phase,3.14159,18.2,35.17524,0.40129,0.9692,0.60629,0.96511,0.19517,0.07077,0.79626,0.01743,0.01661,0.86172,0.05836,0.98381,0.2673,4.7979,34.0991,5.1678,33.2122,0.01316,0.279
man_00,add,0.00196,18.0,55.41998,0.00196,0.9992,0.97334,0.99966,0.0748,0.00239,0.99585,0.00169,0.0,0.99886,0.00053,0.9996,0.0884,5.3363,28.8245,5.1678,33.2122,,
man_00,add,0.00392,18.0,49.89825,0.00392,0.99744,0.91245,0.99895,0.18204,0.00771,0.98989,0.0032,0.0,0.99615,0.00143,0.99868,0.11418,5.599,21.8808,5.1678,33.2122,,
man_00,add,0.00784,18.0,44.73527,0.00784,0.99246,0.78778,0.99685,0.30847,0.0296,0.97709,0.0058,0.0,0.98768,0.00385,0.996,0.14747,5.7841,15.1481,5.1678,33.2122,,
man_00,add,0.01176,18.0,41.84453,0.01176,0.98619,0.68846,0.99421,0.37358,0.04594,0.96555,0.00809,0.0,0.97693,0.00677,0.99258,0.17012,5.5479,14.338,5.1678,33.2122,,
man_00,add,0.01961,18.0,38.22919,0.01961,0.971,0.5468,0.98776,0.45016,0.06956,0.94711,0.01226,0.0,0.9497,0.01436,0.98418,0.20603,5.7478,19.3239,5.1678,33.2122,,
man_00,add,0.03137,18.0,34.81106,0.03137,0.94337,0.41147,0.97601,0.51664,0.09749,0.95656,0.01817,0.0,0.90282,0.02753,0.96849,0.24551,6.0173,30.3828,5.1678,33.2122,,
man_00,add,0.04706,17.9,31.97575,0.04706,0.90121,0.3161,0.95814,0.56221,0.12292,0.97195,0.02519,0.0,0.84703,0.04489,0.9446,0.28343,6.2208,39.4885,5.1678,33.2122,,
man_00,add,0.07059,18.0,28.85056,0.07059,0.82051,0.22583,0.92392,0.6204,0.15083,1.13053,0.0361,0.10452,0.75722,0.07544,0.89854,0.33548,6.1119,51.8724,5.1678,33.2122,,
man_00,add,0.10196,18.0,25.92902,0.10196,0.7115,0.16385,0.87921,0.67964,0.17535,1.38057,0.05053,0.24993,0.65424,0.11277,0.83199,0.38628,6.2272,58.9936,5.1678,33.2122,,
woman_03,phase,0.15,18.2,51.25564,0.05188,0.99924,0.93968,0.99889,0.01013,0.00186,0.99389,0.00273,0.0,0.99188,0.00366,0.99963,0.1168,3.6695,21.4924,3.7652,21.0292,0.0017,0.5233
woman_03,phase,0.25,18.2,47.36965,0.07218,0.99809,0.88578,0.99752,0.02409,0.00345,0.98629,0.00428,2e-05,0.98224,0.0074,0.99907,0.14376,3.5805,21.4755,3.7652,21.0292,0.00273,0.5233
woman_03,phase,0.4,18.2,43.74625,0.13172,0.9955,0.81184,0.99485,0.0475,0.00921,0.96983,0.0065,0.00048,0.96475,0.0142,0.9978,0.17301,3.4237,21.3342,3.7652,21.0292,0.00419,0.5233
woman_03,phase,0.6,18.2,40.81926,0.18884,0.9914,0.73774,0.99085,0.07221,0.01709,0.94004,0.0091,0.00199,0.93855,0.02267,0.99576,0.20039,3.3389,20.8217,3.7652,21.0292,0.00601,0.5233
woman_03,phase,0.9,18.2,38.0805,0.22178,0.98377,0.65855,0.98465,0.09981,0.02726,0.89455,0.01247,0.00634,0.90551,0.03353,0.99193,0.22807,3.4225,20.9511,3.7652,21.0292,0.00859,0.5233
woman_03,phase,1.3,18.2,35.90396,0.39671,0.97391,0.59237,0.97767,0.12769,0.0442,0.82973,0.01602,0.0134,0.86797,0.04428,0.98698,0.24963,3.569,20.6767,3.7652,21.0292,0.0116,0.5233
woman_03,phase,1.8,18.2,34.15441,0.43244,0.96243,0.53643,0.97036,0.1496,0.06298,0.75005,0.0196,0.02271,0.83113,0.05684,0.98117,0.2691,3.9957,22.8577,3.7652,21.0292,0.01509,0.5233
woman_03,phase,2.4,18.2,32.82421,0.4256,0.95101,0.49402,0.9635,0.17174,0.07317,0.6877,0.02284,0.03122,0.80247,0.066,0.975,0.28239,3.8721,22.9802,3.7652,21.0292,0.01837,0.5233
woman_03,phase,3.14159,18.2,31.6604,0.46585,0.93738,0.44926,0.95598,0.19106,0.08838,0.61879,0.02612,0.03978,0.7663,0.07678,0.96758,0.29852,4.0213,23.07,3.7652,21.0292,0.02152,0.5233
woman_03,add,0.00196,18.0,55.7464,0.00196,0.99909,0.97282,0.9993,0.04282,0.00169,0.9967,0.00163,0.0,0.99831,0.00054,0.99956,0.08994,3.8398,17.3128,3.7652,21.0292,,
woman_03,add,0.00392,18.0,50.22436,0.00392,0.99734,0.90449,0.99821,0.1305,0.00384,0.99369,0.00308,0.0,0.99414,0.00143,0.9986,0.11389,3.7544,10.8889,3.7652,21.0292,,
woman_03,add,0.00784,18.0,44.76307,0.00784,0.99248,0.75454,0.99455,0.27044,0.01414,0.98603,0.00578,0.0,0.9819,0.00384,0.99581,0.14403,4.0183,6.5361,3.7652,21.0292,,
woman_03,add,0.01176,18.0,41.77171,0.01176,0.98611,0.63935,0.98924,0.33397,0.02666,0.98002,0.00815,0.0,0.9676,0.0068,0.99212,0.16704,4.1988,10.2025,3.7652,21.0292,,
woman_03,add,0.01961,17.9,38.16388,0.01961,0.9705,0.49261,0.9782,0.39401,0.04847,0.96944,0.01235,0.0,0.9392,0.01384,0.98308,0.20045,4.6569,21.1988,3.7652,21.0292,,
woman_03,add,0.03137,18.0,34.90104,0.03137,0.94086,0.36525,0.95869,0.44638,0.07467,0.97082,0.01799,0.0,0.89137,0.02782,0.96594,0.24261,5.0632,36.5551,3.7652,21.0292,,
woman_03,add,0.04706,18.0,31.95615,0.04706,0.89439,0.27142,0.93635,0.48969,0.10524,0.98995,0.02525,0.0,0.83143,0.04761,0.93837,0.28215,5.5547,49.8574,3.7652,21.0292,,
woman_03,add,0.07059,17.9,29.01693,0.07059,0.81323,0.19116,0.89624,0.5198,0.138,1.08162,0.03541,0.09885,0.74591,0.07752,0.88938,0.33179,5.9832,65.1032,3.7652,21.0292,,
woman_03,add,0.10196,17.9,26.28126,0.10196,0.71286,0.13558,0.85178,0.55296,0.16718,1.30486,0.04852,0.22358,0.6586,0.11182,0.82444,0.37919,6.4544,77.8362,3.7652,21.0292,,
